,id_merval_usd,fecha,cierre
0,1,2010-02-22,599759
1,2,2010-02-26,565010
2,3,2010-03-09,595657
3,4,2010-03-12,605878
4,5,2010-03-16,608423
5,6,2010-03-17,607675
6,7,2010-03-25,625954
7,8,2010-04-09,642623
8,9,2010-04-12,637536
9,10,2010-04-13,637396
10,11,2010-04-19,625714
11,12,2010-04-27,615950
12,13,2010-05-03,616294
13,14,2010-05-04,599738
14,15,2010-05-05,580739
15,16,2010-05-10,586118
16,17,2010-05-11,588866
17,18,2010-06-09,555497
18,19,2010-07-01,554364
19,20,2010-07-06,561663
20,21,2010-07-14,586512
21,22,2010-07-23,604798
22,23,2010-07-26,610084
23,24,2010-07-27,608942
24,25,2010-07-29,614460
25,26,2010-07-30,603745
26,27,2010-08-12,597190
27,28,2010-08-17,625276
28,29,2010-08-18,630572
29,30,2010-08-25,604442
30,31,2010-08-31,594354
31,32,2010-09-09,613453
32,33,2010-09-10,616372
33,34,2010-09-13,622347
34,35,2010-09-20,642801
35,36,2010-09-21,647102
36,37,2010-09-22,645395
37,38,2010-09-30,672595
38,39,2010-10-06,673757
39,40,2010-10-19,699902
40,41,2010-10-21,722665
41,42,2010-10-26,738630
42,43,2010-11-02,794124
43,44,2010-11-04,840721
44,45,2010-11-09,848303
45,46,2010-11-10,857352
46,47,2010-11-11,840067
47,48,2010-11-12,808611
48,49,2010-11-15,824537
49,50,2010-11-16,787074
50,51,2010-12-10,843442
51,52,2010-12-21,858714
52,53,2010-12-23,873585
53,54,2011-01-04,910329
54,55,2011-01-17,886878
55,56,2011-01-18,902307
56,57,2011-01-20,911531
57,58,2011-01-21,903928
58,59,2011-01-26,898508
59,60,2011-01-27,895656
60,61,2011-01-28,870250
61,62,2011-01-31,878527
62,63,2011-02-02,881032
63,64,2011-02-07,866183
64,65,2011-02-08,866887
65,66,2011-02-14,849295
66,67,2011-02-16,858120
67,68,2011-02-22,835135
68,69,2011-02-23,818205
69,70,2011-02-24,805407
70,71,2011-02-25,810367
71,72,2011-02-28,821532
72,73,2011-03-03,828813
73,74,2011-03-09,822853
74,75,2011-03-10,808041
75,76,2011-03-11,807470
76,77,2011-03-14,794864
77,78,2011-03-15,773866
78,79,2011-03-16,754816
79,80,2011-03-17,774873
80,81,2011-03-18,779183
81,82,2011-03-22,788896
82,83,2011-03-23,795388
83,84,2011-03-28,791527
84,85,2011-04-04,850709
85,86,2011-04-07,833337
86,87,2011-04-08,827590
87,88,2011-04-12,807921
88,89,2011-04-13,813858
89,90,2011-04-14,800612
90,91,2011-04-15,799197
91,92,2011-04-20,805976
92,93,2011-04-25,803603
93,94,2011-04-29,803503
94,95,2011-05-03,791547
95,96,2011-05-09,787029
96,97,2011-05-10,786295
97,98,2011-05-19,777426
98,99,2011-05-24,742541
99,100,2011-05-26,732763
100,101,2011-06-03,728640
101,102,2011-06-06,721052
102,103,2011-06-07,722589
103,104,2011-06-08,718134
104,105,2011-06-10,748513
105,106,2011-06-22,772099
106,107,2011-06-28,783893
107,108,2011-06-30,794990
108,109,2011-07-01,807339
109,110,2011-07-04,813352
110,111,2011-07-05,810696
111,112,2011-07-12,789405
112,113,2011-07-13,791388
113,114,2011-07-14,780969
114,115,2011-07-15,786676
115,116,2011-07-18,776696
116,117,2011-07-19,785692
117,118,2011-07-20,786971
118,119,2011-07-21,792494
119,120,2011-07-22,795238
120,121,2011-07-26,804631
121,122,2011-08-01,782216
122,123,2011-08-02,778635
123,124,2011-08-03,775392
124,125,2011-08-04,723690
125,126,2011-08-05,700450
126,127,2011-08-08,641712
127,128,2011-08-09,662952
128,129,2011-08-10,649566
129,130,2011-08-11,679999
130,131,2011-08-12,684555
131,132,2011-08-15,692218
132,133,2011-08-16,686020
133,134,2011-08-17,687341
134,135,2011-08-18,661103
135,136,2011-08-23,657388
136,137,2011-08-24,660228
137,138,2011-08-26,659322
138,139,2011-08-29,666632
139,140,2011-08-30,668164
140,141,2011-08-31,669413
141,142,2011-09-01,667136
142,143,2011-09-07,641492
143,144,2011-09-09,612749
144,145,2011-09-14,605843
145,146,2011-09-16,602073
146,147,2011-09-20,589403
147,148,2011-09-21,568879
148,149,2011-09-22,537301
149,150,2011-09-23,530629
150,151,2011-09-26,544097
151,152,2011-09-27,549521
152,153,2011-09-28,537855
153,154,2011-09-29,536792
154,155,2011-10-03,490230
155,156,2011-10-04,491915
156,157,2011-10-06,509863
157,158,2011-10-07,513837
158,159,2011-10-11,535749
159,160,2011-10-13,568419
160,161,2011-10-18,575967
161,162,2011-10-19,575058
162,163,2011-10-20,575984
163,164,2011-10-21,592300
164,165,2011-10-24,606692
165,166,2011-10-28,621030
166,167,2011-10-31,574091
167,168,2011-11-01,570350
168,169,2011-11-02,577202
169,170,2011-11-03,588933
170,171,2011-11-07,578263
171,172,2011-11-08,592673
172,173,2011-11-11,572862
173,174,2011-11-14,559720
174,175,2011-11-16,573244
175,176,2011-11-17,546692
176,177,2011-11-23,549134
177,178,2011-11-29,532460
178,179,2011-11-30,558232
179,180,2011-12-01,558205
180,181,2011-12-02,565154
181,182,2011-12-06,553888
182,183,2011-12-13,537369
183,184,2011-12-15,515121
184,185,2011-12-20,522532
185,186,2011-12-21,521674
186,187,2012-01-06,596609
187,188,2012-01-10,606223
188,189,2012-01-11,602822
189,190,2012-01-12,606078
190,191,2012-01-18,606140
191,192,2012-01-24,613113
192,193,2012-01-26,631557
193,194,2012-02-01,610154
194,195,2012-02-10,575608
195,196,2012-02-14,565819
196,197,2012-02-15,571189
197,198,2012-02-16,578607
198,199,2012-02-17,585871
199,200,2012-02-23,594867
200,201,2012-02-28,560801
201,202,2012-02-29,551170
202,203,2012-03-06,546246
203,204,2012-03-08,551383
204,205,2012-03-09,548292
205,206,2012-03-12,540552
206,207,2012-03-14,550777
207,208,2012-03-19,553655
208,209,2012-03-23,535943
209,210,2012-04-04,482442
210,211,2012-04-09,470820
211,212,2012-04-10,460339
212,213,2012-04-12,480859
213,214,2012-04-13,465826
214,215,2012-04-16,455566
215,216,2012-04-18,417467
216,217,2012-04-24,427556
217,218,2012-04-25,425337
218,219,2012-05-04,405372
219,220,2012-05-08,429594
220,221,2012-05-21,369791
221,222,2012-05-23,375723
222,223,2012-05-28,394792
223,224,2012-05-29,378128
224,225,2012-05-31,365698
225,226,2012-06-01,350972
226,227,2012-06-04,354991
227,228,2012-06-05,356075
228,229,2012-06-07,366951
229,230,2012-06-11,356521
230,231,2012-06-14,336812
231,232,2012-06-15,349520
232,233,2012-06-18,341433
233,234,2012-06-19,353264
234,235,2012-06-21,347006
235,236,2012-06-22,351690
236,237,2012-06-25,340208
237,238,2012-06-26,344947
238,239,2012-06-27,348672
239,240,2012-06-28,345638
240,241,2012-07-05,363012
241,242,2012-07-10,349397
242,243,2012-07-11,349606
243,244,2012-07-12,351458
244,245,2012-07-17,342704
245,246,2012-07-18,364143
246,247,2012-07-19,359486
247,248,2012-07-23,356993
248,249,2012-07-24,352655
249,250,2012-07-25,355766
250,251,2012-07-26,357576
251,252,2012-07-27,355646
252,253,2012-07-30,357179
253,254,2012-07-31,357480
254,255,2012-08-01,357371
255,256,2012-08-02,353358
256,257,2012-08-03,360136
257,258,2012-08-06,367500
258,259,2012-08-07,367964
259,260,2012-08-08,379920
260,261,2012-08-09,387001
261,262,2012-08-10,390717
262,263,2012-08-13,386553
263,264,2012-08-14,378951
264,265,2012-08-16,383454
265,266,2012-08-17,379119
266,267,2012-08-22,377386
267,268,2012-08-23,377519
268,269,2012-08-24,377786
269,270,2012-08-27,379688
270,271,2012-08-28,379048
271,272,2012-08-29,380115
272,273,2012-08-30,373617
273,274,2012-08-31,371820
274,275,2012-09-03,369948
275,276,2012-09-04,362067
276,277,2012-09-05,365361
277,278,2012-09-06,371929
278,279,2012-09-07,368214
279,280,2012-09-10,367701
280,281,2012-09-11,373826
281,282,2012-09-12,376732
282,283,2012-09-13,389312
283,284,2012-09-14,399203
284,285,2012-09-17,390544
285,286,2012-09-18,394029
286,287,2012-09-20,393604
287,288,2012-09-21,400211
288,289,2012-09-25,401407
289,290,2012-09-27,396438
290,291,2012-09-28,388826
291,292,2012-10-01,393099
292,293,2012-10-02,393253
293,294,2012-10-03,389861
294,295,2012-10-04,392585
295,296,2012-10-05,396036
296,297,2012-10-10,376692
297,298,2012-10-11,380395
298,299,2012-10-12,379907
299,300,2012-10-15,379133
300,301,2012-10-16,385307
301,302,2012-10-17,386380
302,303,2012-10-18,383605
303,304,2012-10-19,379913
304,305,2012-10-22,383103
305,306,2012-10-23,369215
306,307,2012-10-24,371852
307,308,2012-10-25,371675
308,309,2012-10-26,362132
309,310,2012-10-29,355993
310,311,2012-10-30,356405
311,312,2012-10-31,350918
312,313,2012-11-01,352549
313,314,2012-11-02,351886
314,315,2012-11-05,349904
315,316,2012-11-07,344010
316,317,2012-11-08,350006
317,318,2012-11-09,351324
318,319,2012-11-12,349332
319,320,2012-11-13,335843
320,321,2012-11-15,331098
321,322,2012-11-16,327912
322,323,2012-11-19,340049
323,324,2012-11-20,337291
324,325,2012-11-21,340506
325,326,2012-11-23,337611
326,327,2012-11-27,335900
327,328,2012-11-28,339418
328,329,2012-11-29,357233
329,330,2012-11-30,358415
330,331,2012-12-03,354064
331,332,2012-12-04,361178
332,333,2012-12-05,365658
333,334,2012-12-06,367557
334,335,2012-12-07,370030
335,336,2012-12-10,380833
336,337,2012-12-11,391148
337,338,2012-12-12,400301
338,339,2012-12-13,397322
339,340,2012-12-17,415485
340,341,2012-12-18,438279
341,342,2012-12-19,443489
342,343,2012-12-20,441566
343,344,2012-12-21,420244
344,345,2012-12-26,427321
345,346,2012-12-27,425871
346,347,2012-12-28,435911
347,348,2013-01-02,443360
348,349,2013-01-03,437361
349,350,2013-01-04,441975
350,351,2013-01-07,434462
351,352,2013-01-08,431698
352,353,2013-01-09,437429
353,354,2013-01-10,439245
354,355,2013-01-11,432753
355,356,2013-01-14,432768
356,357,2013-01-15,428044
357,358,2013-01-16,429743
358,359,2013-01-17,434446
359,360,2013-01-18,436114
360,361,2013-01-21,442331
361,362,2013-01-22,441851
362,363,2013-01-23,442538
363,364,2013-01-24,440828
364,365,2013-01-25,439909
365,366,2013-01-28,434948
366,367,2013-01-29,455781
367,368,2013-01-30,449068
368,369,2013-02-01,452685
369,370,2013-02-04,437891
370,371,2013-02-05,434493
371,372,2013-02-06,426528
372,373,2013-02-07,425015
373,374,2013-02-08,425251
374,375,2013-02-13,425425
375,376,2013-02-14,430555
376,377,2013-02-15,426255
377,378,2013-02-19,425411
378,379,2013-02-21,403440
379,380,2013-02-22,403166
380,381,2013-02-25,399462
381,382,2013-02-26,400124
382,383,2013-02-27,403954
383,384,2013-02-28,380228
384,385,2013-03-01,386481
385,386,2013-03-04,393521
386,387,2013-03-05,398859
387,388,2013-03-06,403395
388,389,2013-03-07,406689
389,390,2013-03-08,403388
390,391,2013-03-12,406833
391,392,2013-03-13,413139
392,393,2013-03-14,413170
393,394,2013-03-15,414175
394,395,2013-03-18,415205
395,396,2013-03-19,410640
396,397,2013-03-20,411630
397,398,2013-03-21,412894
398,399,2013-03-22,421249
399,400,2013-03-25,410689
400,401,2013-03-26,407755
401,402,2013-03-27,401747
402,403,2013-04-03,393943
403,404,2013-04-04,397083
404,405,2013-04-05,390990
405,406,2013-04-08,403402
406,407,2013-04-09,414212
407,408,2013-04-10,411142
408,409,2013-04-11,406674
409,410,2013-04-12,401972
410,411,2013-04-15,387162
411,412,2013-04-16,386666
412,413,2013-04-17,379606
413,414,2013-04-18,378064
414,415,2013-04-19,383333
415,416,2013-04-22,394521
416,417,2013-04-23,400630
417,418,2013-04-24,407716
418,419,2013-04-25,411592
419,420,2013-04-26,409088
420,421,2013-04-29,416242
421,422,2013-04-30,418836
422,423,2013-05-02,415844
423,424,2013-05-03,414402
424,425,2013-05-06,417180
425,426,2013-05-07,425875
426,427,2013-05-08,424439
427,428,2013-05-09,418972
428,429,2013-05-10,412501
429,430,2013-05-13,409929
430,431,2013-05-14,410456
431,432,2013-05-15,415533
432,433,2013-05-16,412325
433,434,2013-05-17,415541
434,435,2013-05-20,416468
435,436,2013-05-21,422172
436,437,2013-05-22,418847
437,438,2013-05-23,414713
438,439,2013-05-24,415967
439,440,2013-05-27,415820
440,441,2013-05-28,410681
441,442,2013-05-29,414707
442,443,2013-05-30,416125
443,444,2013-05-31,412359
444,445,2013-06-03,412162
445,446,2013-06-04,414559
446,447,2013-06-05,409900
447,448,2013-06-06,413533
448,449,2013-06-07,413353
449,450,2013-06-10,414103
450,451,2013-06-11,405265
451,452,2013-06-12,396998
452,453,2013-06-13,403208
453,454,2013-06-14,402218
454,455,2013-06-17,391447
455,456,2013-06-18,391054
456,457,2013-06-19,389421
457,458,2013-06-24,366201
458,459,2013-06-25,383175
459,460,2013-06-26,379590
460,461,2013-06-27,385603
461,462,2013-06-28,383258
462,463,2013-07-01,394279
463,464,2013-07-02,395985
464,465,2013-07-03,381167
465,466,2013-07-04,392606
466,467,2013-07-05,384605
467,468,2013-07-08,389016
468,469,2013-07-10,386020
469,470,2013-07-11,392313
470,471,2013-07-12,378556
471,472,2013-07-15,402038
472,473,2013-07-16,400269
473,474,2013-07-17,406991
474,475,2013-07-18,394958
475,476,2013-07-19,412351
476,477,2013-07-22,414718
477,478,2013-07-23,416614
478,479,2013-07-24,416785
479,480,2013-07-25,410352
480,481,2013-07-26,411441
481,482,2013-07-29,407731
482,483,2013-07-30,401050
483,484,2013-07-31,393653
484,485,2013-08-01,416985
485,486,2013-08-02,420266
486,487,2013-08-05,416040
487,488,2013-08-06,417980
488,489,2013-08-07,426237
489,490,2013-08-08,418485
490,491,2013-08-09,422820
491,492,2013-08-12,431627
492,493,2013-08-13,439243
493,494,2013-08-14,453120
494,495,2013-08-15,454719
495,496,2013-08-16,448858
496,497,2013-08-20,453027
497,498,2013-08-21,451104
498,499,2013-08-22,461226
499,500,2013-08-23,458662
500,501,2013-08-26,455942
501,502,2013-08-27,449010
502,503,2013-08-28,449120
503,504,2013-08-29,448269
504,505,2013-08-30,460338
505,506,2013-09-02,456843
506,507,2013-09-03,459904
507,508,2013-09-04,460621
508,509,2013-09-05,470250
509,510,2013-09-06,470899
510,511,2013-09-09,491932
511,512,2013-09-10,507558
512,513,2013-09-11,509214
513,514,2013-09-12,488306
514,515,2013-09-13,499437
515,516,2013-09-16,513530
516,517,2013-09-17,498048
517,518,2013-09-18,508830
518,519,2013-09-19,514424
519,520,2013-09-20,514292
520,521,2013-09-23,531105
521,522,2013-09-24,520603
522,523,2013-09-25,520439
523,524,2013-09-26,531708
524,525,2013-09-27,525571
525,526,2013-09-30,531530
526,527,2013-10-01,546383
527,528,2013-10-02,541089
528,529,2013-10-03,537740
529,530,2013-10-04,536516
530,531,2013-10-07,541094
531,532,2013-10-08,544275
532,533,2013-10-09,546566
533,534,2013-10-10,570769
534,535,2013-10-11,576031
535,536,2013-10-15,580800
536,537,2013-10-16,584088
537,538,2013-10-17,598463
538,539,2013-10-18,600643
539,540,2013-10-21,615463
540,541,2013-10-22,605859
541,542,2013-10-23,578584
542,543,2013-10-24,603376
543,544,2013-10-25,590508
544,545,2013-10-28,581990
545,546,2013-10-29,561114
546,547,2013-10-30,573714
547,548,2013-10-31,563874
548,549,2013-11-01,555580
549,550,2013-11-04,566530
550,551,2013-11-05,599724
551,552,2013-11-07,569112
552,553,2013-11-08,575454
553,554,2013-11-11,589035
554,555,2013-11-12,571205
555,556,2013-11-13,563883
556,557,2013-11-14,591097
557,558,2013-11-15,602414
558,559,2013-11-18,603497
559,560,2013-11-19,567025
560,561,2013-11-20,592486
561,562,2013-11-21,602801
562,563,2013-11-22,619209
563,564,2013-11-26,635029
564,565,2013-11-27,631474
565,566,2013-11-29,655812
566,567,2013-12-02,649164
567,568,2013-12-03,635939
568,569,2013-12-04,632208
569,570,2013-12-05,627873
570,571,2013-12-06,623542
571,572,2013-12-09,625342
572,573,2013-12-10,608886
573,574,2013-12-11,614493
574,575,2013-12-12,618876
575,576,2013-12-13,621545
576,577,2013-12-16,628609
577,578,2013-12-17,640996
578,579,2013-12-18,632888
579,580,2013-12-19,624352
580,581,2013-12-20,619206
581,582,2013-12-23,627583
582,583,2013-12-26,617773
583,584,2013-12-27,619681
584,585,2013-12-30,609054
585,586,2014-01-02,599172
586,587,2014-01-03,605405
587,588,2014-01-06,592781
588,589,2014-01-07,586212
589,590,2014-01-08,589226
590,591,2014-01-09,582788
591,592,2014-01-10,584513
592,593,2014-01-13,586732
593,594,2014-01-14,582023
594,595,2014-01-15,580802
595,596,2014-01-16,575738
596,597,2014-01-17,576544
597,598,2014-01-20,597483
598,599,2014-01-21,581901
599,600,2014-01-22,562918
600,601,2014-01-23,519181
601,602,2014-01-24,504614
602,603,2014-01-27,515760
603,604,2014-01-28,515037
604,605,2014-01-29,500006
605,606,2014-01-30,510599
606,607,2014-01-31,489367
607,608,2014-02-03,507228
608,609,2014-02-04,485233
609,610,2014-02-05,476595
610,611,2014-02-06,490140
611,612,2014-02-07,480637
612,613,2014-02-10,500685
613,614,2014-02-11,524792
614,615,2014-02-12,541326
615,616,2014-02-13,542227
616,617,2014-02-14,558473
617,618,2014-02-18,565734
618,619,2014-02-19,567294
619,620,2014-02-20,566464
620,621,2014-02-21,559057
621,622,2014-02-24,567060
622,623,2014-02-25,562736
623,624,2014-02-26,554384
624,625,2014-02-27,549688
625,626,2014-02-28,559419
626,627,2014-03-05,555533
627,628,2014-03-06,572578
628,629,2014-03-07,576553
629,630,2014-03-10,574973
630,631,2014-03-11,564708
631,632,2014-03-12,549356
632,633,2014-03-13,550393
633,634,2014-03-14,553140
634,635,2014-03-17,560573
635,636,2014-03-18,580225
636,637,2014-03-19,578599
637,638,2014-03-20,579700
638,639,2014-03-21,592680
639,640,2014-03-25,601399
640,641,2014-03-26,596205
641,642,2014-03-27,606449
642,643,2014-03-28,618621
643,644,2014-03-31,637382
644,645,2014-04-01,633299
645,646,2014-04-03,649175
646,647,2014-04-04,643187
647,648,2014-04-07,667803
648,649,2014-04-08,670870
649,650,2014-04-09,674582
650,651,2014-04-10,682600
651,652,2014-04-11,673108
652,653,2014-04-14,662351
653,654,2014-04-15,658649
654,655,2014-04-16,670465
655,656,2014-04-21,661845
656,657,2014-04-22,683513
657,658,2014-04-23,695467
658,659,2014-04-24,701580
659,660,2014-04-25,678107
660,661,2014-04-28,697905
661,662,2014-04-29,681395
662,663,2014-04-30,670159
663,664,2014-05-05,691601
664,665,2014-05-06,692427
665,666,2014-05-07,702705
666,667,2014-05-08,709109
667,668,2014-05-09,708767
668,669,2014-05-12,700442
669,670,2014-05-13,709394
670,671,2014-05-14,699847
671,672,2014-05-15,669733
672,673,2014-05-16,675047
673,674,2014-05-19,694787
674,675,2014-05-20,670861
675,676,2014-05-21,664933
676,677,2014-05-22,684755
677,678,2014-05-23,685083
678,679,2014-05-26,696888
679,680,2014-05-27,700427
680,681,2014-05-28,684413
681,682,2014-05-29,693486
682,683,2014-05-30,692923
683,684,2014-06-02,705720
684,685,2014-06-03,715766
685,686,2014-06-04,722580
686,687,2014-06-05,741968
687,688,2014-06-06,747297
688,689,2014-06-09,789696
689,690,2014-06-10,763854
690,691,2014-06-11,762042
691,692,2014-06-12,767508
692,693,2014-06-13,757043
693,694,2014-06-16,693018
694,695,2014-06-17,723227
695,696,2014-06-18,721538
696,697,2014-06-19,699109
697,698,2014-06-23,779035
698,699,2014-06-24,785754
699,700,2014-06-25,788806
700,701,2014-06-26,778159
701,702,2014-06-27,790510
702,703,2014-06-30,767250
703,704,2014-07-01,797231
704,705,2014-07-02,805853
705,706,2014-07-03,807343
706,707,2014-07-04,806109
707,708,2014-07-07,799211
708,709,2014-07-08,823865
709,710,2014-07-10,863068
710,711,2014-07-11,888427
711,712,2014-07-14,894758
712,713,2014-07-15,852300
713,714,2014-07-16,843877
714,715,2014-07-17,825103
715,716,2014-07-18,859301
716,717,2014-07-21,844054
717,718,2014-07-22,836575
718,719,2014-07-23,821228
719,720,2014-07-24,829066
720,721,2014-07-25,807637
721,722,2014-07-28,800465
722,723,2014-07-29,829886
723,724,2014-07-30,871113
724,725,2014-07-31,809090
725,726,2014-08-01,832692
726,727,2014-08-04,804779
727,728,2014-08-05,779072
728,729,2014-08-06,780440
729,730,2014-08-07,790955
730,731,2014-08-08,779154
731,732,2014-08-11,782149
732,733,2014-08-12,785855
733,734,2014-08-13,753801
734,735,2014-08-14,730063
735,736,2014-08-15,747426
736,737,2014-08-19,752662
737,738,2014-08-20,758028
738,739,2014-08-21,739379
739,740,2014-08-22,740801
740,741,2014-08-25,771564
741,742,2014-08-26,767936
742,743,2014-08-27,771988
743,744,2014-08-28,758272
744,745,2014-08-29,758093
745,746,2014-09-02,787885
746,747,2014-09-03,809139
747,748,2014-09-04,789289
748,749,2014-09-05,830516
749,750,2014-09-08,821998
750,751,2014-09-09,803588
751,752,2014-09-10,808365
752,753,2014-09-11,827662
753,754,2014-09-12,833014
754,755,2014-09-15,829222
755,756,2014-09-16,858862
756,757,2014-09-17,857770
757,758,2014-09-18,855173
758,759,2014-09-19,850912
759,760,2014-09-22,871234
760,761,2014-09-23,829871
761,762,2014-09-24,845899
762,763,2014-09-25,838869
763,764,2014-09-26,851020
764,765,2014-09-29,857255
765,766,2014-09-30,841649
766,767,2014-10-01,757650
767,768,2014-10-02,745357
768,769,2014-10-03,821540
769,770,2014-10-06,728368
770,771,2014-10-07,770262
771,772,2014-10-08,754982
772,773,2014-10-09,741024
773,774,2014-10-10,745932
774,775,2014-10-14,744494
775,776,2014-10-15,729087
776,777,2014-10-16,753116
777,778,2014-10-17,764510
778,779,2014-10-20,809681
779,780,2014-10-21,772719
780,781,2014-10-22,763258
781,782,2014-10-23,762287
782,783,2014-10-24,807641
783,784,2014-10-27,780558
784,785,2014-10-28,793221
785,786,2014-10-29,790909
786,787,2014-10-30,808239
787,788,2014-10-31,844401
788,789,2014-11-03,871600
789,790,2014-11-04,823937
790,791,2014-11-05,825294
791,792,2014-11-07,815763
792,793,2014-11-10,816447
793,794,2014-11-11,803722
794,795,2014-11-12,802551
795,796,2014-11-13,796748
796,797,2014-11-14,803768
797,798,2014-11-17,798411
798,799,2014-11-18,810848
799,800,2014-11-19,804053
800,801,2014-11-20,823184
801,802,2014-11-21,846916
802,803,2014-11-25,829477
803,804,2014-11-26,845830
804,805,2014-11-28,819432
805,806,2014-12-01,763371
806,807,2014-12-02,788089
807,808,2014-12-03,811608
808,809,2014-12-04,797229
809,810,2014-12-05,797714
810,811,2014-12-09,748189
811,812,2014-12-10,710038
812,813,2014-12-11,765551
813,814,2014-12-12,716989
814,815,2014-12-15,650791
815,816,2014-12-16,673423
816,817,2014-12-17,684598
817,818,2014-12-18,677155
818,819,2014-12-19,708045
819,820,2014-12-22,725446
820,821,2014-12-23,741695
821,822,2014-12-29,749185
822,823,2014-12-30,761902
823,824,2015-01-02,726442
824,825,2015-01-05,663701
825,826,2015-01-06,672610
826,827,2015-01-07,682064
827,828,2015-01-08,692090
828,829,2015-01-09,695123
829,830,2015-01-12,682336
830,831,2015-01-13,681569
831,832,2015-01-14,689459
832,833,2015-01-15,696810
833,834,2015-01-16,695499
834,835,2015-01-19,694946
835,836,2015-01-20,691639
836,837,2015-01-21,696133
837,838,2015-01-22,721600
838,839,2015-01-23,722115
839,840,2015-01-26,723216
840,841,2015-01-27,738894
841,842,2015-01-28,719649
842,843,2015-01-29,689300
843,844,2015-01-30,696510
844,845,2015-02-02,706051
845,846,2015-02-03,750609
846,847,2015-02-04,726496
847,848,2015-02-05,741790
848,849,2015-02-06,743896
849,850,2015-02-09,740857
850,851,2015-02-10,733091
851,852,2015-02-11,744363
852,853,2015-02-12,763517
853,854,2015-02-13,783789
854,855,2015-02-18,774057
855,856,2015-02-19,767668
856,857,2015-02-20,772237
857,858,2015-02-23,795115
858,859,2015-02-24,811124
859,860,2015-02-25,814679
860,861,2015-02-26,793099
861,862,2015-02-27,822056
862,863,2015-03-02,803301
863,864,2015-03-03,819129
864,865,2015-03-04,816585
865,866,2015-03-05,840900
866,867,2015-03-06,845718
867,868,2015-03-09,846817
868,869,2015-03-10,825568
869,870,2015-03-11,853573
870,871,2015-03-12,851469
871,872,2015-03-13,867513
872,873,2015-03-16,897803
873,874,2015-03-17,915611
874,875,2015-03-18,946712
875,876,2015-03-19,925958
876,877,2015-03-20,943279
877,878,2015-03-25,932846
878,879,2015-03-26,876784
879,880,2015-03-27,907529
880,881,2015-03-30,920650
881,882,2015-03-31,905366
882,883,2015-04-01,912752
883,884,2015-04-06,954048
884,885,2015-04-07,940648
885,886,2015-04-08,929514
886,887,2015-04-09,971267
887,888,2015-04-10,977959
888,889,2015-04-13,978916
889,890,2015-04-14,1004560
890,891,2015-04-15,998282
891,892,2015-04-16,993894
892,893,2015-04-17,981885
893,894,2015-04-20,962830
894,895,2015-04-21,942917
895,896,2015-04-22,999792
896,897,2015-04-23,1027380
897,898,2015-04-24,1038440
898,899,2015-04-27,1006910
899,900,2015-04-28,1028630
900,901,2015-04-29,1034340
901,902,2015-04-30,1009230
902,903,2015-05-04,1034970
903,904,2015-05-05,1045600
904,905,2015-05-06,1031030
905,906,2015-05-07,1018880
906,907,2015-05-08,1023920
907,908,2015-05-11,1007970
908,909,2015-05-12,1023220
909,910,2015-05-13,1019410
910,911,2015-05-14,1031300
911,912,2015-05-15,1036500
912,913,2015-05-18,1003930
913,914,2015-05-19,972757
914,915,2015-05-20,991392
915,916,2015-05-21,989066
916,917,2015-05-22,971147
917,918,2015-05-26,915383
918,919,2015-05-27,933747
919,920,2015-05-28,938565
920,921,2015-05-29,922362
921,922,2015-06-01,921093
922,923,2015-06-02,984961
923,924,2015-06-03,955659
924,925,2015-06-04,963661
925,926,2015-06-05,966043
926,927,2015-06-08,961439
927,928,2015-06-09,977836
928,929,2015-06-10,967214
929,930,2015-06-11,971270
930,931,2015-06-12,967977
931,932,2015-06-15,938259
932,933,2015-06-16,956475
933,934,2015-06-17,923899
934,935,2015-06-18,923257
935,936,2015-06-19,902789
936,937,2015-06-22,936350
937,938,2015-06-23,924437
938,939,2015-06-24,934741
939,940,2015-06-25,917729
940,941,2015-06-26,921484
941,942,2015-06-29,879123
942,943,2015-06-30,905735
943,944,2015-07-01,888197
944,945,2015-07-02,882601
945,946,2015-07-06,893800
946,947,2015-07-07,893103
947,948,2015-07-08,866815
948,949,2015-07-10,875656
949,950,2015-07-13,895738
950,951,2015-07-14,924126
951,952,2015-07-15,921488
952,953,2015-07-16,935916
953,954,2015-07-17,933465
954,955,2015-07-20,898169
955,956,2015-07-21,885340
956,957,2015-07-22,860258
957,958,2015-07-23,872110
958,959,2015-07-24,817397
959,960,2015-07-27,805788
960,961,2015-07-28,832537
961,962,2015-07-29,853864
962,963,2015-07-30,847776
963,964,2015-07-31,835920
964,965,2015-08-03,818891
965,966,2015-08-04,803607
966,967,2015-08-05,814303
967,968,2015-08-06,844008
968,969,2015-08-07,837768
969,970,2015-08-10,884831
970,971,2015-08-11,868796
971,972,2015-08-12,867695
972,973,2015-08-13,869313
973,974,2015-08-14,852792
974,975,2015-08-18,835290
975,976,2015-08-19,815653
976,977,2015-08-20,809458
977,978,2015-08-21,779750
978,979,2015-08-24,727308
979,980,2015-08-25,723740
980,981,2015-08-26,745664
981,982,2015-08-27,794967
982,983,2015-08-28,784084
983,984,2015-08-31,794303
984,985,2015-09-01,771855
985,986,2015-09-02,773098
986,987,2015-09-03,780570
987,988,2015-09-04,783414
988,989,2015-09-08,801244
989,990,2015-09-09,793081
990,991,2015-09-10,788425
991,992,2015-09-11,772742
992,993,2015-09-14,758962
993,994,2015-09-15,754475
994,995,2015-09-16,757929
995,996,2015-09-17,764350
996,997,2015-09-18,747012
997,998,2015-09-21,725250
998,999,2015-09-22,682267
999,1000,2015-09-23,721308
1000,1001,2015-09-24,698377
1001,1002,2015-09-25,734581
1002,1003,2015-09-28,680504
1003,1004,2015-09-29,696436
1004,1005,2015-09-30,704062
1005,1006,2015-10-01,689230
1006,1007,2015-10-02,743759
1007,1008,2015-10-05,757158
1008,1009,2015-10-06,762827
1009,1010,2015-10-07,780513
1010,1011,2015-10-08,809058
1011,1012,2015-10-09,805074
1012,1013,2015-10-13,771503
1013,1014,2015-10-14,785074
1014,1015,2015-10-15,812645
1015,1016,2015-10-16,809931
1016,1017,2015-10-19,792259
1017,1018,2015-10-20,787796
1018,1019,2015-10-21,776504
1019,1020,2015-10-22,792883
1020,1021,2015-10-23,802926
1021,1022,2015-10-26,837690
1022,1023,2015-10-27,832892
1023,1024,2015-10-28,908848
1024,1025,2015-10-29,890953
1025,1026,2015-10-30,912244
1026,1027,2015-11-02,913899
1027,1028,2015-11-03,932558
1028,1029,2015-11-04,929492
1029,1030,2015-11-05,938825
1030,1031,2015-11-09,928659
1031,1032,2015-11-10,913477
1032,1033,2015-11-11,915774
1033,1034,2015-11-12,925045
1034,1035,2015-11-13,917378
1035,1036,2015-11-16,950840
1036,1037,2015-11-17,930671
1037,1038,2015-11-18,923183
1038,1039,2015-11-19,927098
1039,1040,2015-11-20,951905
1040,1041,2015-11-23,905025
1041,1042,2015-11-24,917368
1042,1043,2015-11-25,892332
1043,1044,2015-11-30,894014
1044,1045,2015-12-01,886395
1045,1046,2015-12-02,865534
1046,1047,2015-12-03,877092
1047,1048,2015-12-09,879239
1048,1049,2015-12-10,863977
1049,1050,2015-12-11,832523
1050,1051,2015-12-14,815421
1051,1052,2015-12-15,827092
1052,1053,2015-12-16,828364
1053,1054,2015-12-17,837190
1054,1055,2015-12-18,813449
1055,1056,2015-12-21,797764
1056,1057,2015-12-22,832568
1057,1058,2015-12-23,866248
1058,1059,2015-12-28,817431
1059,1060,2015-12-29,815790
1060,1061,2015-12-30,825685
1061,1062,2016-01-04,841316
1062,1063,2016-01-05,843867
1063,1064,2016-01-06,804460
1064,1065,2016-01-07,804405
1065,1066,2016-01-08,777546
1066,1067,2016-01-11,757149
1067,1068,2016-01-12,750993
1068,1069,2016-01-13,737718
1069,1070,2016-01-14,771245
1070,1071,2016-01-15,730880
1071,1072,2016-01-19,711268
1072,1073,2016-01-20,676335
1073,1074,2016-01-21,708486
1074,1075,2016-01-22,751812
1075,1076,2016-01-25,735247
1076,1077,2016-01-26,748454
1077,1078,2016-01-27,770470
1078,1079,2016-01-28,777392
1079,1080,2016-01-29,808728
1080,1081,2016-02-01,790158
1081,1082,2016-02-02,769085
1082,1083,2016-02-03,776092
1083,1084,2016-02-04,792643
1084,1085,2016-02-05,785688
1085,1086,2016-02-10,775582
1086,1087,2016-02-11,741474
1087,1088,2016-02-12,754274
1088,1089,2016-02-16,761111
1089,1090,2016-02-17,785599
1090,1091,2016-02-18,780669
1091,1092,2016-02-19,773956
1092,1093,2016-02-22,824045
1093,1094,2016-02-23,818097
1094,1095,2016-02-24,813604
1095,1096,2016-02-25,832429
1096,1097,2016-02-26,836843
1097,1098,2016-02-29,842386
1098,1099,2016-03-01,831613
1099,1100,2016-03-02,824769
1100,1101,2016-03-03,845677
1101,1102,2016-03-04,856635
1102,1103,2016-03-07,856142
1103,1104,2016-03-08,865968
1104,1105,2016-03-09,861082
1105,1106,2016-03-10,858152
1106,1107,2016-03-11,850817
1107,1108,2016-03-14,839185
1108,1109,2016-03-15,815420
1109,1110,2016-03-16,856665
1110,1111,2016-03-17,881287
1111,1112,2016-03-18,867368
1112,1113,2016-03-21,876556
1113,1114,2016-03-22,887797
1114,1115,2016-03-23,864396
1115,1116,2016-03-28,887974
1116,1117,2016-03-29,877176
1117,1118,2016-03-30,872739
1118,1119,2016-03-31,878460
1119,1120,2016-04-01,889328
1120,1121,2016-04-04,860315
1121,1122,2016-04-05,839361
1122,1123,2016-04-06,829076
1123,1124,2016-04-07,804349
1124,1125,2016-04-08,836541
1125,1126,2016-04-11,836845
1126,1127,2016-04-12,868828
1127,1128,2016-04-13,915853
1128,1129,2016-04-14,925698
1129,1130,2016-04-15,912327
1130,1131,2016-04-18,924463
1131,1132,2016-04-19,973630
1132,1133,2016-04-20,962863
1133,1134,2016-04-21,967593
1134,1135,2016-04-22,959027
1135,1136,2016-04-25,924263
1136,1137,2016-04-26,944647
1137,1138,2016-04-27,956309
1138,1139,2016-04-28,964162
1139,1140,2016-04-29,962417
1140,1141,2016-05-02,944840
1141,1142,2016-05-03,924593
1142,1143,2016-05-04,927077
1143,1144,2016-05-05,956170
1144,1145,2016-05-06,948126
1145,1146,2016-05-09,937165
1146,1147,2016-05-10,945646
1147,1148,2016-05-11,951294
1148,1149,2016-05-12,944922
1149,1150,2016-05-13,927319
1150,1151,2016-05-16,931728
1151,1152,2016-05-17,919438
1152,1153,2016-05-18,909924
1153,1154,2016-05-19,899950
1154,1155,2016-05-20,903375
1155,1156,2016-05-23,887853
1156,1157,2016-05-24,886292
1157,1158,2016-05-26,903607
1158,1159,2016-05-27,905869
1159,1160,2016-05-31,902615
1160,1161,2016-06-01,892930
1161,1162,2016-06-02,901979
1162,1163,2016-06-03,911695
1163,1164,2016-06-06,919334
1164,1165,2016-06-07,952552
1165,1166,2016-06-08,974599
1166,1167,2016-06-09,972564
1167,1168,2016-06-10,959973
1168,1169,2016-06-13,949148
1169,1170,2016-06-14,937334
1170,1171,2016-06-15,942253
1171,1172,2016-06-16,942565
1172,1173,2016-06-21,975145
1173,1174,2016-06-22,973940
1174,1175,2016-06-23,997398
1175,1176,2016-06-24,953736
1176,1177,2016-06-27,920103
1177,1178,2016-06-28,918281
1178,1179,2016-06-29,964880
1179,1180,2016-06-30,966019
1180,1181,2016-07-01,986403
1181,1182,2016-07-05,972850
1182,1183,2016-07-06,980716
1183,1184,2016-07-07,982583
1184,1185,2016-07-11,1005860
1185,1186,2016-07-12,1021000
1186,1187,2016-07-13,1031690
1187,1188,2016-07-14,1050930
1188,1189,2016-07-15,1054840
1189,1190,2016-07-18,1064480
1190,1191,2016-07-19,1036840
1191,1192,2016-07-20,1050220
1192,1193,2016-07-21,1039430
1193,1194,2016-07-22,1045290
1194,1195,2016-07-25,1043330
1195,1196,2016-07-26,1045630
1196,1197,2016-07-27,1044490
1197,1198,2016-07-28,1023520
1198,1199,2016-07-29,1045900
1199,1200,2016-08-01,1024040
1200,1201,2016-08-02,1002110
1201,1202,2016-08-03,1033470
1202,1203,2016-08-04,1040080
1203,1204,2016-08-05,1023560
1204,1205,2016-08-08,1026910
1205,1206,2016-08-09,1040740
1206,1207,2016-08-10,1033430
1207,1208,2016-08-11,1031240
1208,1209,2016-08-12,1026780
1209,1210,2016-08-16,1031200
1210,1211,2016-08-17,1043520
1211,1212,2016-08-18,1049540
1212,1213,2016-08-19,1043360
1213,1214,2016-08-22,1037990
1214,1215,2016-08-23,1064010
1215,1216,2016-08-24,1063560
1216,1217,2016-08-25,1066450
1217,1218,2016-08-26,1051640
1218,1219,2016-08-29,1062450
1219,1220,2016-08-30,1044220
1220,1221,2016-08-31,1036390
1221,1222,2016-09-01,1050090
1222,1223,2016-09-02,1067940
1223,1224,2016-09-06,1080760
1224,1225,2016-09-07,1081930
1225,1226,2016-09-08,1087770
1226,1227,2016-09-09,1062210
1227,1228,2016-09-12,1069840
1228,1229,2016-09-13,1031950
1229,1230,2016-09-14,1032290
1230,1231,2016-09-15,1049770
1231,1232,2016-09-16,1048220
1232,1233,2016-09-19,1054100
1233,1234,2016-09-20,1049330
1234,1235,2016-09-21,1069060
1235,1236,2016-09-22,1092060
1236,1237,2016-09-23,1079560
1237,1238,2016-09-26,1076080
1238,1239,2016-09-27,1074150
1239,1240,2016-09-28,1091540
1240,1241,2016-09-29,1086530
1241,1242,2016-09-30,1083540
1242,1243,2016-10-03,1102540
1243,1244,2016-10-04,1108660
1244,1245,2016-10-05,1120120
1245,1246,2016-10-06,1124890
1246,1247,2016-10-07,1122950
1247,1248,2016-10-11,1122980
1248,1249,2016-10-12,1127650
1249,1250,2016-10-13,1133870
1250,1251,2016-10-14,1144960
1251,1252,2016-10-17,1165170
1252,1253,2016-10-18,1170340
1253,1254,2016-10-19,1188550
1254,1255,2016-10-20,1187650
1255,1256,2016-10-21,1196410
1256,1257,2016-10-24,1208320
1257,1258,2016-10-25,1211120
1258,1259,2016-10-26,1191850
1259,1260,2016-10-27,1183850
1260,1261,2016-10-28,1172510
1261,1262,2016-10-31,1151740
1262,1263,2016-11-01,1123290
1263,1264,2016-11-02,1108660
1264,1265,2016-11-03,1099810
1265,1266,2016-11-04,1104480
1266,1267,2016-11-07,1140620
1267,1268,2016-11-08,1130500
1268,1269,2016-11-09,1131220
1269,1270,2016-11-10,1080610
1270,1271,2016-11-11,1037070
1271,1272,2016-11-14,1014460
1272,1273,2016-11-15,1044920
1273,1274,2016-11-16,1058350
1274,1275,2016-11-17,1052500
1275,1276,2016-11-18,1048980
1276,1277,2016-11-21,1079760
1277,1278,2016-11-22,1114410
1278,1279,2016-11-23,1114660
1279,1280,2016-11-29,1088960
1280,1281,2016-11-30,1104650
1281,1282,2016-12-01,1067790
1282,1283,2016-12-02,1068590
1283,1284,2016-12-05,1061110
1284,1285,2016-12-06,1072510
1285,1286,2016-12-07,1076140
1286,1287,2016-12-12,1067670
1287,1288,2016-12-13,1066840
1288,1289,2016-12-14,1051490
1289,1290,2016-12-15,1042250
1290,1291,2016-12-16,1031990
1291,1292,2016-12-19,994166
1292,1293,2016-12-20,1005260
1293,1294,2016-12-21,1039300
1294,1295,2016-12-22,1023010
1295,1296,2016-12-23,1030530
1296,1297,2016-12-27,1043080
1297,1298,2016-12-28,1049480
1298,1299,2016-12-29,1066030
1299,1300,2017-01-03,1113190
1300,1301,2017-01-04,1132530
1301,1302,2017-01-05,1136790
1302,1303,2017-01-06,1138500
1303,1304,2017-01-09,1163410
1304,1305,2017-01-10,1173960
1305,1306,2017-01-11,1162230
1306,1307,2017-01-12,1175180
1307,1308,2017-01-13,1192240
1308,1309,2017-01-17,1185650
1309,1310,2017-01-18,1177910
1310,1311,2017-01-19,1164590
1311,1312,2017-01-20,1192950
1312,1313,2017-01-23,1219200
1313,1314,2017-01-24,1215750
1314,1315,2017-01-25,1215950
1315,1316,2017-01-26,1198780
1316,1317,2017-01-27,1200990
1317,1318,2017-01-30,1172860
1318,1319,2017-01-31,1190670
1319,1320,2017-02-01,1203060
1320,1321,2017-02-02,1222400
1321,1322,2017-02-03,1212150
1322,1323,2017-02-06,1223690
1323,1324,2017-02-07,1215600
1324,1325,2017-02-08,1216510
1325,1326,2017-02-09,1227100
1326,1327,2017-02-10,1247790
1327,1328,2017-02-13,1250480
1328,1329,2017-02-14,1259240
1329,1330,2017-02-15,1263310
1330,1331,2017-02-16,1263770
1331,1332,2017-02-17,1270580
1332,1333,2017-02-21,1276090
1333,1334,2017-02-22,1270110
1334,1335,2017-02-23,1246050
1335,1336,2017-02-24,1223910
1336,1337,2017-03-01,1241760
1337,1338,2017-03-02,1221280
1338,1339,2017-03-03,1240530
1339,1340,2017-03-06,1232180
1340,1341,2017-03-07,1239420
1341,1342,2017-03-08,1229710
1342,1343,2017-03-09,1197290
1343,1344,2017-03-10,1209730
1344,1345,2017-03-13,1232390
1345,1346,2017-03-14,1227450
1346,1347,2017-03-15,1244760
1347,1348,2017-03-16,1254080
1348,1349,2017-03-17,1246570
1349,1350,2017-03-20,1271260
1350,1351,2017-03-21,1246660
1351,1352,2017-03-22,1258260
1352,1353,2017-03-23,1261530
1353,1354,2017-03-27,1268530
1354,1355,2017-03-28,1281020
1355,1356,2017-03-29,1295910
1356,1357,2017-03-30,1306350
1357,1358,2017-03-31,1308280
1358,1359,2017-04-03,1325720
1359,1360,2017-04-04,1345040
1360,1361,2017-04-05,1335250
1361,1362,2017-04-06,1344500
1362,1363,2017-04-07,1336400
1363,1364,2017-04-10,1353570
1364,1365,2017-04-11,1360650
1365,1366,2017-04-12,1344460
1366,1367,2017-04-17,1340320
1367,1368,2017-04-18,1335250
1368,1369,2017-04-19,1310750
1369,1370,2017-04-20,1311470
1370,1371,2017-04-21,1342530
1371,1372,2017-04-24,1363160
1372,1373,2017-04-25,1370320
1373,1374,2017-04-26,1362780
1374,1375,2017-04-27,1346840
1375,1376,2017-04-28,1357880
1376,1377,2017-05-02,1369410
1377,1378,2017-05-03,1384600
1378,1379,2017-05-04,1367130
1379,1380,2017-05-05,1375550
1380,1381,2017-05-08,1373970
1381,1382,2017-05-09,1367410
1382,1383,2017-05-10,1382390
1383,1384,2017-05-11,1382360
1384,1385,2017-05-12,1387250
1385,1386,2017-05-15,1394500
1386,1387,2017-05-16,1400490
1387,1388,2017-05-17,1386710
1388,1389,2017-05-18,1342310
1389,1390,2017-05-19,1359430
1390,1391,2017-05-22,1350560
1391,1392,2017-05-23,1327620
1392,1393,2017-05-24,1338550
1393,1394,2017-05-26,1365090
1394,1395,2017-05-30,1386610
1395,1396,2017-05-31,1377840
1396,1397,2017-06-01,1390040
1397,1398,2017-06-02,1398700
1398,1399,2017-06-05,1393150
1399,1400,2017-06-06,1387680
1400,1401,2017-06-07,1375770
1401,1402,2017-06-08,1362030
1402,1403,2017-06-09,1353430
1403,1404,2017-06-12,1329880
1404,1405,2017-06-13,1345590
1405,1406,2017-06-14,1334490
1406,1407,2017-06-15,1318030
1407,1408,2017-06-16,1330710
1408,1409,2017-06-19,1347680
1409,1410,2017-06-21,1278010
1410,1411,2017-06-22,1299310
1411,1412,2017-06-23,1304410
1412,1413,2017-06-26,1310590
1413,1414,2017-06-27,1296690
1414,1415,2017-06-28,1310930
1415,1416,2017-06-29,1309060
1416,1417,2017-06-30,1332070
1417,1418,2017-07-03,1335520
1418,1419,2017-07-05,1331100
1419,1420,2017-07-06,1300480
1420,1421,2017-07-07,1300700
1421,1422,2017-07-10,1297810
1422,1423,2017-07-11,1300080
1423,1424,2017-07-12,1298870
1424,1425,2017-07-13,1284420
1425,1426,2017-07-14,1280320
1426,1427,2017-07-17,1257730
1427,1428,2017-07-18,1239720
1428,1429,2017-07-19,1246390
1429,1430,2017-07-20,1249460
1430,1431,2017-07-21,1242550
1431,1432,2017-07-24,1215110
1432,1433,2017-07-25,1210350
1433,1434,2017-07-26,1206630
1434,1435,2017-07-27,1214030
1435,1436,2017-07-28,1218020
1436,1437,2017-07-31,1209890
1437,1438,2017-08-01,1215610
1438,1439,2017-08-02,1233000
1439,1440,2017-08-03,1236500
1440,1441,2017-08-04,1225560
1441,1442,2017-08-07,1212860
1442,1443,2017-08-08,1194740
1443,1444,2017-08-09,1177520
1444,1445,2017-08-10,1186580
1445,1446,2017-08-11,1216700
1446,1447,2017-08-14,1258510
1447,1448,2017-08-15,1319140
1448,1449,2017-08-16,1337310
1449,1450,2017-08-17,1316600
1450,1451,2017-08-18,1324970
1451,1452,2017-08-22,1323710
1452,1453,2017-08-23,1348540
1453,1454,2017-08-24,1347340
1454,1455,2017-08-25,1363350
1455,1456,2017-08-28,1363430
1456,1457,2017-08-29,1360850
1457,1458,2017-08-30,1351950
1458,1459,2017-08-31,1346180
1459,1460,2017-09-01,1361710
1460,1461,2017-09-05,1386610
1461,1462,2017-09-06,1393410
1462,1463,2017-09-07,1404080
1463,1464,2017-09-08,1392570
1464,1465,2017-09-11,1395520
1465,1466,2017-09-12,1369750
1466,1467,2017-09-13,1395670
1467,1468,2017-09-14,1384820
1468,1469,2017-09-15,1393850
1469,1470,2017-09-18,1403300
1470,1471,2017-09-19,1409440
1471,1472,2017-09-20,1416990
1472,1473,2017-09-21,1423930
1473,1474,2017-09-22,1442920
1474,1475,2017-09-25,1440830
1475,1476,2017-09-26,1432000
1476,1477,2017-09-27,1438190
1477,1478,2017-09-28,1458430
1478,1479,2017-09-29,1481500
1479,1480,2017-10-02,1514910
1480,1481,2017-10-03,1529050
1481,1482,2017-10-04,1510220
1482,1483,2017-10-05,1549050
1483,1484,2017-10-06,1537590
1484,1485,2017-10-09,1529710
1485,1486,2017-10-10,1544180
1486,1487,2017-10-11,1538180
1487,1488,2017-10-12,1543620
1488,1489,2017-10-13,1552550
1489,1490,2017-10-17,1516950
1490,1491,2017-10-18,1500810
1491,1492,2017-10-19,1543790
1492,1493,2017-10-20,1549010
1493,1494,2017-10-23,1589830
1494,1495,2017-10-24,1602410
1495,1496,2017-10-25,1595680
1496,1497,2017-10-26,1595660
1497,1498,2017-10-27,1550450
1498,1499,2017-10-30,1555770
1499,1500,2017-10-31,1574830
1500,1501,2017-11-01,1582000
1501,1502,2017-11-02,1588840
1502,1503,2017-11-03,1597340
1503,1504,2017-11-07,1592140
1504,1505,2017-11-08,1597540
1505,1506,2017-11-09,1594070
1506,1507,2017-11-10,1550350
1507,1508,2017-11-13,1537080
1508,1509,2017-11-14,1465750
1509,1510,2017-11-15,1503650
1510,1511,2017-11-16,1550630
1511,1512,2017-11-17,1534590
1512,1513,2017-11-21,1546170
1513,1514,2017-11-22,1555280
1514,1515,2017-11-24,1572020
1515,1516,2017-11-27,1550630
1516,1517,2017-11-28,1543290
1517,1518,2017-11-29,1543600
1518,1519,2017-11-30,1545800
1519,1520,2017-12-01,1548460
1520,1521,2017-12-04,1553770
1521,1522,2017-12-05,1526040
1522,1523,2017-12-06,1528490
1523,1524,2017-12-07,1551940
1524,1525,2017-12-11,1576470
1525,1526,2017-12-12,1585280
1526,1527,2017-12-13,1566030
1527,1528,2017-12-14,1566480
1528,1529,2017-12-15,1544730
1529,1530,2017-12-18,1533530
1530,1531,2017-12-19,1560200
1531,1532,2017-12-20,1574210
1532,1533,2017-12-21,1602590
1533,1534,2017-12-22,1610630
1534,1535,2017-12-26,1617730
1535,1536,2017-12-27,1598050
1536,1537,2017-12-28,1633530
1537,1538,2017-12-29,1588810
1538,1539,2018-01-02,1663580
1539,1540,2018-01-03,1712610
1540,1541,2018-01-04,1726370
1541,1542,2018-01-05,1711240
1542,1543,2018-01-08,1714800
1543,1544,2018-01-09,1681530
1544,1545,2018-01-10,1665890
1545,1546,2018-01-11,1720410
1546,1547,2018-01-12,1739920
1547,1548,2018-01-16,1786090
1548,1549,2018-01-17,1766510
1549,1550,2018-01-18,1798540
1550,1551,2018-01-19,1772420
1551,1552,2018-01-22,1764360
1552,1553,2018-01-23,1770460
1553,1554,2018-01-24,1802920
1554,1555,2018-01-25,1790110
1555,1556,2018-01-26,1788860
1556,1557,2018-01-29,1771400
1557,1558,2018-01-30,1744770
1558,1559,2018-01-31,1777070
1559,1560,2018-02-01,1758490
1560,1561,2018-02-02,1674910
1561,1562,2018-02-05,1597860
1562,1563,2018-02-06,1629640
1563,1564,2018-02-07,1614250
1564,1565,2018-02-08,1573010
1565,1566,2018-02-09,1508860
1566,1567,2018-02-14,1576450
1567,1568,2018-02-15,1588420
1568,1569,2018-02-16,1634490
1569,1570,2018-02-20,1632830
1570,1571,2018-02-21,1657070
1571,1572,2018-02-22,1654890
1572,1573,2018-02-23,1633840
1573,1574,2018-02-26,1644480
1574,1575,2018-02-27,1603790
1575,1576,2018-02-28,1625010
1576,1577,2018-03-01,1590200
1577,1578,2018-03-02,1565980
1578,1579,2018-03-05,1575070
1579,1580,2018-03-06,1615820
1580,1581,2018-03-07,1607300
1581,1582,2018-03-08,1607240
1582,1583,2018-03-09,1622610
1583,1584,2018-03-12,1636840
1584,1585,2018-03-13,1626500
1585,1586,2018-03-14,1622270
1586,1587,2018-03-15,1618360
1587,1588,2018-03-16,1605840
1588,1589,2018-03-19,1569320
1589,1590,2018-03-20,1580900
1590,1591,2018-03-21,1596910
1591,1592,2018-03-22,1578160
1592,1593,2018-03-23,1553360
1593,1594,2018-03-26,1560010
1594,1595,2018-03-27,1548080
1595,1596,2018-03-28,1543860
1596,1597,2018-04-03,1552290
1597,1598,2018-04-04,1552600
1598,1599,2018-04-05,1576610
1599,1600,2018-04-06,1570620
1600,1601,2018-04-09,1572230
1601,1602,2018-04-10,1586850
1602,1603,2018-04-11,1588920
1603,1604,2018-04-12,1588660
1604,1605,2018-04-13,1565410
1605,1606,2018-04-16,1537020
1606,1607,2018-04-17,1556820
1607,1608,2018-04-18,1562660
1608,1609,2018-04-19,1555130
1609,1610,2018-04-20,1540180
1610,1611,2018-04-23,1529260
1611,1612,2018-04-24,1511380
1612,1613,2018-04-25,1482780
1613,1614,2018-04-26,1461800
1614,1615,2018-04-27,1442510
1615,1616,2018-05-02,1437340
1616,1617,2018-05-03,1388820
1617,1618,2018-05-04,1263160
1618,1619,2018-05-07,1251100
1619,1620,2018-05-08,1181990
1620,1621,2018-05-09,1250490
1621,1622,2018-05-10,1308520
1622,1623,2018-05-11,1318830
1623,1624,2018-05-14,1263870
1624,1625,2018-05-15,1194700
1625,1626,2018-05-16,1280390
1626,1627,2018-05-17,1278190
1627,1628,2018-05-18,1279150
1628,1629,2018-05-21,1272180
1629,1630,2018-05-22,1264280
1630,1631,2018-05-23,1247100
1631,1632,2018-05-24,1218940
1632,1633,2018-05-29,1147500
1633,1634,2018-05-30,1138890
1634,1635,2018-05-31,1145640
1635,1636,2018-06-01,1139280
1636,1637,2018-06-04,1152900
1637,1638,2018-06-05,1215580
1638,1639,2018-06-06,1211480
1639,1640,2018-06-07,1205540
1640,1641,2018-06-08,1255750
1641,1642,2018-06-11,1244890
1642,1643,2018-06-12,1180910
1643,1644,2018-06-13,1132340
1644,1645,2018-06-14,1148220
1645,1646,2018-06-15,1071500
1646,1647,2018-06-18,969372
1647,1648,2018-06-19,1053230
1648,1649,2018-06-21,1094040
1649,1650,2018-06-22,1078520
1650,1651,2018-06-25,1054820
1651,1652,2018-06-26,1048340
1652,1653,2018-06-27,951484
1653,1654,2018-06-28,983794
1654,1655,2018-06-29,921310
1655,1656,2018-07-02,887034
1656,1657,2018-07-03,947521
1657,1658,2018-07-05,994123
1658,1659,2018-07-06,978169
1659,1660,2018-07-10,987099
1660,1661,2018-07-11,998684
1661,1662,2018-07-12,975602
1662,1663,2018-07-13,973678
1663,1664,2018-07-16,964109
1664,1665,2018-07-17,982855
1665,1666,2018-07-18,979496
1666,1667,2018-07-19,967883
1667,1668,2018-07-20,996375
1668,1669,2018-07-23,999949
1669,1670,2018-07-24,1018360
1670,1671,2018-07-25,1069870
1671,1672,2018-07-26,1066700
1672,1673,2018-07-27,1064390
1673,1674,2018-07-30,1068560
1674,1675,2018-07-31,1072320
1675,1676,2018-08-01,1069060
1676,1677,2018-08-02,1045220
1677,1678,2018-08-03,1065210
1678,1679,2018-08-06,1059380
1679,1680,2018-08-07,1017250
1680,1681,2018-08-08,977990
1681,1682,2018-08-09,973825
1682,1683,2018-08-10,958492
1683,1684,2018-08-13,883918
1684,1685,2018-08-14,879322
1685,1686,2018-08-15,903367
1686,1687,2018-08-16,889096
1687,1688,2018-08-17,875039
1688,1689,2018-08-21,867387
1689,1690,2018-08-22,893961
1690,1691,2018-08-23,875659
1691,1692,2018-08-24,823253
1692,1693,2018-08-27,823573
1693,1694,2018-08-28,804786
1694,1695,2018-08-29,800406
1695,1696,2018-08-30,791726
1696,1697,2018-08-31,743069
1697,1698,2018-09-04,732583
1698,1699,2018-09-05,733205
1699,1700,2018-09-06,794207
1700,1701,2018-09-07,790736
1701,1702,2018-09-10,792968
1702,1703,2018-09-11,777674
1703,1704,2018-09-12,779441
1704,1705,2018-09-13,778841
1705,1706,2018-09-14,756672
1706,1707,2018-09-17,777234
1707,1708,2018-09-18,807460
1708,1709,2018-09-19,826207
1709,1710,2018-09-20,872196
1710,1711,2018-09-21,900526
1711,1712,2018-09-24,888412
1712,1713,2018-09-25,907752
1713,1714,2018-09-26,884739
1714,1715,2018-09-27,876105
1715,1716,2018-09-28,843586
1716,1717,2018-10-01,789105
1717,1718,2018-10-02,828807
1718,1719,2018-10-03,845233
1719,1720,2018-10-04,821015
1720,1721,2018-10-08,808815
1721,1722,2018-10-09,793751
1722,1723,2018-10-10,767151
1723,1724,2018-10-11,738946
1724,1725,2018-10-12,806383
1725,1726,2018-10-16,793626
1726,1727,2018-10-17,794047
1727,1728,2018-10-18,783140
1728,1729,2018-10-19,779001
1729,1730,2018-10-22,780547
1730,1731,2018-10-23,774436
1731,1732,2018-10-24,762242
1732,1733,2018-10-25,787381
1733,1734,2018-10-26,795065
1734,1735,2018-10-29,787622
1735,1736,2018-10-30,794508
1736,1737,2018-10-31,804447
1737,1738,2018-11-01,874687
1738,1739,2018-11-02,873242
1739,1740,2018-11-05,884626
1740,1741,2018-11-06,868562
1741,1742,2018-11-07,879992
1742,1743,2018-11-08,860331
1743,1744,2018-11-09,838773
1744,1745,2018-11-12,828044
1745,1746,2018-11-13,806635
1746,1747,2018-11-14,830849
1747,1748,2018-11-15,844031
1748,1749,2018-11-16,862084
1749,1750,2018-11-20,827122
1750,1751,2018-11-21,837075
1751,1752,2018-11-23,845903
1752,1753,2018-11-26,823166
1753,1754,2018-11-27,798582
1754,1755,2018-11-28,806910
1755,1756,2018-11-29,816034
1756,1757,2018-12-03,846081
1757,1758,2018-12-04,872940
1758,1759,2018-12-06,856145
1759,1760,2018-12-07,829619
1760,1761,2018-12-10,817044
1761,1762,2018-12-11,821808
1762,1763,2018-12-12,825534
1763,1764,2018-12-13,825214
1764,1765,2018-12-14,822131
1765,1766,2018-12-17,774903
1766,1767,2018-12-18,772032
1767,1768,2018-12-19,778599
1768,1769,2018-12-20,757388
1769,1770,2018-12-21,737417
1770,1771,2018-12-26,747334
1771,1772,2018-12-27,767534
1772,1773,2018-12-28,786003
1773,1774,2019-01-02,822445
1774,1775,2019-01-03,820696
1775,1776,2019-01-04,859035
1776,1777,2019-01-07,880986
1777,1778,2019-01-08,877730
1778,1779,2019-01-09,900276
1779,1780,2019-01-10,912105
1780,1781,2019-01-11,909898
1781,1782,2019-01-14,910521
1782,1783,2019-01-15,909800
1783,1784,2019-01-16,917984
1784,1785,2019-01-17,910759
1785,1786,2019-01-18,926133
1786,1787,2019-01-22,901079
1787,1788,2019-01-23,925302
1788,1789,2019-01-24,928489
1789,1790,2019-01-25,928776
1790,1791,2019-01-28,941389
1791,1792,2019-01-29,957692
1792,1793,2019-01-30,961043
1793,1794,2019-01-31,971048
1794,1795,2019-02-01,977533
1795,1796,2019-02-04,995578
1796,1797,2019-02-05,1009200
1797,1798,2019-02-06,989646
1798,1799,2019-02-07,958618
1799,1800,2019-02-08,970981
1800,1801,2019-02-11,978170
1801,1802,2019-02-12,990433
1802,1803,2019-02-13,974196
1803,1804,2019-02-14,977917
1804,1805,2019-02-15,977053
1805,1806,2019-02-19,922998
1806,1807,2019-02-20,913501
1807,1808,2019-02-21,897201
1808,1809,2019-02-22,921700
1809,1810,2019-02-25,923532
1810,1811,2019-02-26,919289
1811,1812,2019-02-27,904207
1812,1813,2019-02-28,883345
1813,1814,2019-03-01,862207
1814,1815,2019-03-06,802293
1815,1816,2019-03-07,814276
1816,1817,2019-03-08,771497
1817,1818,2019-03-11,815241
1818,1819,2019-03-12,815133
1819,1820,2019-03-13,822011
1820,1821,2019-03-14,812465
1821,1822,2019-03-15,831693
1822,1823,2019-03-18,870653
1823,1824,2019-03-19,858901
1824,1825,2019-03-20,861918
1825,1826,2019-03-21,839128
1826,1827,2019-03-22,801464
1827,1828,2019-03-25,788360
1828,1829,2019-03-26,776774
1829,1830,2019-03-27,756513
1830,1831,2019-03-28,748910
1831,1832,2019-03-29,766339
1832,1833,2019-04-01,758255
1833,1834,2019-04-03,734114
1834,1835,2019-04-04,752575
1835,1836,2019-04-05,752693
1836,1837,2019-04-08,760655
1837,1838,2019-04-09,729901
1838,1839,2019-04-10,740717
1839,1840,2019-04-11,731731
1840,1841,2019-04-12,729742
1841,1842,2019-04-15,751197
1842,1843,2019-04-16,773047
1843,1844,2019-04-17,744003
1844,1845,2019-04-22,726786
1845,1846,2019-04-23,724619
1846,1847,2019-04-24,701075
1847,1848,2019-04-25,663601
1848,1849,2019-04-26,665213
1849,1850,2019-04-29,620477
1850,1851,2019-04-30,637365
1851,1852,2019-05-02,695405
1852,1853,2019-05-03,720433
1853,1854,2019-05-06,738940
1854,1855,2019-05-07,728714
1855,1856,2019-05-08,743473
1856,1857,2019-05-09,751191
1857,1858,2019-05-10,738148
1858,1859,2019-05-13,716669
1859,1860,2019-05-14,716729
1860,1861,2019-05-15,724494
1861,1862,2019-05-16,753662
1862,1863,2019-05-17,738380
1863,1864,2019-05-20,739185
1864,1865,2019-05-21,759501
1865,1866,2019-05-22,769786
1866,1867,2019-05-23,765328
1867,1868,2019-05-24,774331
1868,1869,2019-05-28,767129
1869,1870,2019-05-29,757883
1870,1871,2019-05-30,764611
1871,1872,2019-05-31,756788
1872,1873,2019-06-03,753015
1873,1874,2019-06-04,773364
1874,1875,2019-06-05,792896
1875,1876,2019-06-06,798827
1876,1877,2019-06-07,793390
1877,1878,2019-06-10,810783
1878,1879,2019-06-11,854919
1879,1880,2019-06-12,928134
1880,1881,2019-06-13,946804
1881,1882,2019-06-14,929468
1882,1883,2019-06-18,919283
1883,1884,2019-06-19,911753
1884,1885,2019-06-21,926318
1885,1886,2019-06-24,932403
1886,1887,2019-06-25,944055
1887,1888,2019-06-26,937013
1888,1889,2019-06-27,962293
1889,1890,2019-06-28,970429
1890,1891,2019-07-01,964169
1891,1892,2019-07-02,984294
1892,1893,2019-07-03,977617
1893,1894,2019-07-05,987366
1894,1895,2019-07-10,1014150
1895,1896,2019-07-11,1021600
1896,1897,2019-07-12,1019870
1897,1898,2019-07-15,983705
1898,1899,2019-07-16,984643
1899,1900,2019-07-17,968036
1900,1901,2019-07-18,955740
1901,1902,2019-07-19,942318
1902,1903,2019-07-22,908728
1903,1904,2019-07-23,923096
1904,1905,2019-07-24,925661
1905,1906,2019-07-25,918783
1906,1907,2019-07-26,958752
1907,1908,2019-07-29,983348
1908,1909,2019-07-30,967713
1909,1910,2019-07-31,954990
1910,1911,2019-08-01,924765
1911,1912,2019-08-02,923608
1912,1913,2019-08-05,907490
1913,1914,2019-08-06,903668
1914,1915,2019-08-07,894481
1915,1916,2019-08-08,900242
1916,1917,2019-08-09,974623
1917,1918,2019-08-12,596034
1918,1919,2019-08-13,547835
1919,1920,2019-08-14,517900
1920,1921,2019-08-15,509259
1921,1922,2019-08-16,522900
1922,1923,2019-08-20,478822
1923,1924,2019-08-21,497559
1924,1925,2019-08-22,503653
1925,1926,2019-08-23,480585
1926,1927,2019-08-26,465231
1927,1928,2019-08-27,440159
1928,1929,2019-08-28,445460
1929,1930,2019-08-29,394034
1930,1931,2019-08-30,412342
1931,1932,2019-09-02,401647
1932,1933,2019-09-03,373029
1933,1934,2019-09-04,397431
1934,1935,2019-09-05,435795
1935,1936,2019-09-06,446412
1936,1937,2019-09-09,419778
1937,1938,2019-09-10,443836
1938,1939,2019-09-11,432034
1939,1940,2019-09-12,430564
1940,1941,2019-09-13,438155
1941,1942,2019-09-16,429051
1942,1943,2019-09-17,436776
1943,1944,2019-09-18,438035
1944,1945,2019-09-19,438248
1945,1946,2019-09-20,436481
1946,1947,2019-09-23,426886
1947,1948,2019-09-24,412451
1948,1949,2019-09-25,427915
1949,1950,2019-09-26,441782
1950,1951,2019-09-27,450577
1951,1952,2019-09-30,464477
1952,1953,2019-10-01,474903
1953,1954,2019-10-02,465981
1954,1955,2019-10-03,447149
1955,1956,2019-10-04,484196
1956,1957,2019-10-07,462011
1957,1958,2019-10-08,467799
1958,1959,2019-10-09,450522
1959,1960,2019-10-10,465716
1960,1961,2019-10-11,466043
1961,1962,2019-10-15,457760
1962,1963,2019-10-16,448058
1963,1964,2019-10-17,461624
1964,1965,2019-10-18,433001
1965,1966,2019-10-21,440888
1966,1967,2019-10-22,443040
1967,1968,2019-10-23,411800
1968,1969,2019-10-24,432620
1969,1970,2019-10-25,433588
1970,1971,2019-10-28,409190
1971,1972,2019-10-29,399168
1972,1973,2019-10-30,447675
1973,1974,2019-10-31,445572
1974,1975,2019-11-01,446956
1975,1976,2019-11-04,465982
1976,1977,2019-11-05,466531
1977,1978,2019-11-06,450571
1978,1979,2019-11-07,456991
1979,1980,2019-11-08,436347
1980,1981,2019-11-11,430394
1981,1982,2019-11-12,433482
1982,1983,2019-11-13,414040
1983,1984,2019-11-14,408315
1984,1985,2019-11-15,414897
1985,1986,2019-11-19,426229
1986,1987,2019-11-20,440679
1987,1988,2019-11-21,441298
1988,1989,2019-11-22,447732
1989,1990,2019-11-25,446477
1990,1991,2019-11-26,429207
1991,1992,2019-11-27,469486
1992,1993,2019-11-28,469794
1993,1994,2019-11-29,469454
1994,1995,2019-12-02,449979
1995,1996,2019-12-03,436698
1996,1997,2019-12-04,464786
1997,1998,2019-12-05,463975
1998,1999,2019-12-06,462049
1999,2000,2019-12-09,461575
2000,2001,2019-12-10,452447
2001,2002,2019-12-11,472025
2002,2003,2019-12-12,467412
2003,2004,2019-12-13,502454
2004,2005,2019-12-16,507899
2005,2006,2019-12-17,485583
2006,2007,2019-12-18,507148
2007,2008,2019-12-19,522616
2008,2009,2019-12-20,531907
2009,2010,2019-12-23,548136
2010,2011,2019-12-26,575766
2011,2012,2019-12-27,571455
2012,2013,2019-12-30,566573
2013,2014,2020-01-02,552439
2014,2015,2020-01-03,539557
2015,2016,2020-01-06,531662
2016,2017,2020-01-07,528005
2017,2018,2020-01-08,528966
2018,2019,2020-01-09,537060
2019,2020,2020-01-10,548939
2020,2021,2020-01-13,527795
2021,2022,2020-01-14,514632
2022,2023,2020-01-15,508647
2023,2024,2020-01-16,524027
2024,2025,2020-01-17,517538
2025,2026,2020-01-20,535231
2026,2027,2020-01-21,511855
2027,2028,2020-01-22,514356
2028,2029,2020-01-23,503922
2029,2030,2020-01-24,475212
2030,2031,2020-01-27,475502
2031,2032,2020-01-28,488744
2032,2033,2020-01-29,476680
2033,2034,2020-01-30,480263
2034,2035,2020-01-31,472491
2035,2036,2020-02-03,486794
2036,2037,2020-02-04,485894
2037,2038,2020-02-05,480631
2038,2039,2020-02-06,482213
2039,2040,2020-02-07,489244
2040,2041,2020-02-10,485145
2041,2042,2020-02-11,473932
2042,2043,2020-02-12,476906
2043,2044,2020-02-13,468891
2044,2045,2020-02-14,463124
2045,2046,2020-02-17,470987
2046,2047,2020-02-18,460166
2047,2048,2020-02-19,471053
2048,2049,2020-02-20,476650
2049,2050,2020-02-21,474465
2050,2051,2020-02-26,452057
2051,2052,2020-02-27,438610
2052,2053,2020-02-28,434126
2053,2054,2020-03-02,441951
2054,2055,2020-03-03,436460
2055,2056,2020-03-04,454132
2056,2057,2020-03-05,450916
2057,2058,2020-03-06,429804
2058,2059,2020-03-09,365055
2059,2060,2020-03-10,379608
2060,2061,2020-03-11,370296
2061,2062,2020-03-12,325510
2062,2063,2020-03-13,319497
2063,2064,2020-03-16,288280
2064,2065,2020-03-17,289144
2065,2066,2020-03-18,250449
2066,2067,2020-03-19,253060
2067,2068,2020-03-20,265655
2068,2069,2020-03-25,299330
2069,2070,2020-03-26,302086
2070,2071,2020-03-27,278166
2071,2072,2020-03-30,280537
2072,2073,2020-04-01,288038
2073,2074,2020-04-02,292797
2074,2075,2020-04-03,297513
2075,2076,2020-04-06,296570
2076,2077,2020-04-07,295180
2077,2078,2020-04-08,295888
2078,2079,2020-04-13,282562
2079,2080,2020-04-14,286553
2080,2081,2020-04-15,294794
2081,2082,2020-04-16,294591
2082,2083,2020-04-17,291146
2083,2084,2020-04-20,290071
2084,2085,2020-04-21,275986
2085,2086,2020-04-22,274997
2086,2087,2020-04-23,272286
2087,2088,2020-04-24,261186
2088,2089,2020-04-27,260546
2089,2090,2020-04-28,276369
2090,2091,2020-04-29,302342
2091,2092,2020-04-30,285590
2092,2093,2020-05-04,287733
2093,2094,2020-05-05,279764
2094,2095,2020-05-06,288431
2095,2096,2020-05-07,304305
2096,2097,2020-05-08,313688
2097,2098,2020-05-11,325501
2098,2099,2020-05-12,320873
2099,2100,2020-05-13,300913
2100,2101,2020-05-14,319349
2101,2102,2020-05-15,324665
2102,2103,2020-05-18,339171
2103,2104,2020-05-19,332731
2104,2105,2020-05-20,333103
2105,2106,2020-05-21,352483
2106,2107,2020-05-22,359575
2107,2108,2020-05-26,371116
2108,2109,2020-05-27,368095
2109,2110,2020-05-28,345956
2110,2111,2020-05-29,333493
2111,2112,2020-06-01,350780
2112,2113,2020-06-02,368589
2113,2114,2020-06-03,382295
2114,2115,2020-06-04,381751
2115,2116,2020-06-05,391267
2116,2117,2020-06-08,420050
2117,2118,2020-06-09,400336
2118,2119,2020-06-10,406259
2119,2120,2020-06-11,383521
2120,2121,2020-06-12,397338
2121,2122,2020-06-16,391185
2122,2123,2020-06-17,375846
2123,2124,2020-06-18,345967
2124,2125,2020-06-19,372286
2125,2126,2020-06-22,382447
2126,2127,2020-06-23,375793
2127,2128,2020-06-24,374297
2128,2129,2020-06-25,395821
2129,2130,2020-06-26,384010
2130,2131,2020-06-29,387317
2131,2132,2020-06-30,371487
2132,2133,2020-07-01,368610
2133,2134,2020-07-02,359982
2134,2135,2020-07-03,366266
2135,2136,2020-07-06,400885
2136,2137,2020-07-07,388177
2137,2138,2020-07-08,391748
2138,2139,2020-07-13,386978
2139,2140,2020-07-14,387718
2140,2141,2020-07-15,397994
2141,2142,2020-07-16,398215
2142,2143,2020-07-17,385841
2143,2144,2020-07-20,383247
2144,2145,2020-07-21,393484
2145,2146,2020-07-22,415996
2146,2147,2020-07-23,423186
2147,2148,2020-07-24,413730
2148,2149,2020-07-27,419138
2149,2150,2020-07-28,413019
2150,2151,2020-07-29,413364
2151,2152,2020-07-30,406933
2152,2153,2020-07-31,396887
2153,2154,2020-08-03,430362
2154,2155,2020-08-04,437878
2155,2156,2020-08-05,426875
2156,2157,2020-08-06,413533
2157,2158,2020-08-07,413447
2158,2159,2020-08-10,406552
2159,2160,2020-08-11,399143
2160,2161,2020-08-12,376552
2161,2162,2020-08-13,381100
2162,2163,2020-08-14,382870
2163,2164,2020-08-18,360231
2164,2165,2020-08-19,361276
2165,2166,2020-08-20,359088
2166,2167,2020-08-21,351195
2167,2168,2020-08-24,351536
2168,2169,2020-08-25,356820
2169,2170,2020-08-26,356889
2170,2171,2020-08-27,352432
2171,2172,2020-08-28,368695
2172,2173,2020-08-31,372330
2173,2174,2020-09-01,355907
2174,2175,2020-09-02,346518
2175,2176,2020-09-03,361845
2176,2177,2020-09-04,350806
2177,2178,2020-09-07,362973
2178,2179,2020-09-08,381175
2179,2180,2020-09-09,386959
2180,2181,2020-09-10,387631
2181,2182,2020-09-11,362773
2182,2183,2020-09-14,342395
2183,2184,2020-09-15,347871
2184,2185,2020-09-16,319696
2185,2186,2020-09-17,300603
2186,2187,2020-09-18,302142
2187,2188,2020-09-21,291370
2188,2189,2020-09-22,277552
2189,2190,2020-09-23,275641
2190,2191,2020-09-24,297033
2191,2192,2020-09-25,292897
2192,2193,2020-09-28,293492
2193,2194,2020-09-29,284154
2194,2195,2020-09-30,283288
2195,2196,2020-10-01,294168
2196,2197,2020-10-02,299515
2197,2198,2020-10-05,296043
2198,2199,2020-10-06,291380
2199,2200,2020-10-07,297492
2200,2201,2020-10-08,296726
2201,2202,2020-10-09,295941
2202,2203,2020-10-13,294329
2203,2204,2020-10-14,288785
2204,2205,2020-10-15,286117
2205,2206,2020-10-16,296558
2206,2207,2020-10-19,297934
2207,2208,2020-10-20,289112
2208,2209,2020-10-21,286549
2209,2210,2020-10-22,285384
2210,2211,2020-10-23,311038
2211,2212,2020-10-26,300385
2212,2213,2020-10-27,287257
2213,2214,2020-10-28,285835
2214,2215,2020-10-29,297015
2215,2216,2020-10-30,306635
2216,2217,2020-11-02,326440
2217,2218,2020-11-03,329863
2218,2219,2020-11-04,323464
2219,2220,2020-11-05,330231
2220,2221,2020-11-06,318773
2221,2222,2020-11-09,336933
2222,2223,2020-11-10,353979
2223,2224,2020-11-11,343863
2224,2225,2020-11-12,340174
2225,2226,2020-11-13,340467
2226,2227,2020-11-16,346479
2227,2228,2020-11-17,350115
2228,2229,2020-11-18,344034
2229,2230,2020-11-19,339963
2230,2231,2020-11-20,343603
2231,2232,2020-11-24,358539
2232,2233,2020-11-25,359757
2233,2234,2020-11-26,364880
2234,2235,2020-11-27,372195
2235,2236,2020-11-30,368634
2236,2237,2020-12-01,369837
2237,2238,2020-12-02,372280
2238,2239,2020-12-03,382524
2239,2240,2020-12-04,377711
2240,2241,2020-12-09,363793
2241,2242,2020-12-10,378475
2242,2243,2020-12-11,379405
2243,2244,2020-12-14,371180
2244,2245,2020-12-15,370722
2245,2246,2020-12-16,372852
2246,2247,2020-12-17,372349
2247,2248,2020-12-18,368561
2248,2249,2020-12-21,358797
2249,2250,2020-12-22,358080
2250,2251,2020-12-23,367526
2251,2252,2020-12-28,359725
2252,2253,2020-12-29,365736
2253,2254,2020-12-30,365225
2254,2255,2021-01-04,356456
2255,2256,2021-01-05,358521
2256,2257,2021-01-06,358857
2257,2258,2021-01-07,361350
2258,2259,2021-01-08,355757
2259,2260,2021-01-11,349212
2260,2261,2021-01-12,352798
2261,2262,2021-01-13,351869
2262,2263,2021-01-14,350377
2263,2264,2021-01-15,345210
2264,2265,2021-01-18,340938
2265,2266,2021-01-19,341605
2266,2267,2021-01-20,338988
2267,2268,2021-01-21,325582
2268,2269,2021-01-22,325745
2269,2270,2021-01-25,318014
2270,2271,2021-01-26,330376
2271,2272,2021-01-27,332781
2272,2273,2021-01-28,329440
2273,2274,2021-01-29,320603
2274,2275,2021-02-01,328346
2275,2276,2021-02-02,328052
2276,2277,2021-02-03,328464
2277,2278,2021-02-04,332848
2278,2279,2021-02-05,346967
2279,2280,2021-02-08,353599
2280,2281,2021-02-09,343048
2281,2282,2021-02-10,341402
2282,2283,2021-02-11,339475
2283,2284,2021-02-12,339464
2284,2285,2021-02-17,354131
2285,2286,2021-02-18,355417
2286,2287,2021-02-19,353650
2287,2288,2021-02-22,345719
2288,2289,2021-02-23,333566
2289,2290,2021-02-24,343394
2290,2291,2021-02-25,336386
2291,2292,2021-02-26,333280
2292,2293,2021-03-01,334880
2293,2294,2021-03-02,326708
2294,2295,2021-03-03,319160
2295,2296,2021-03-04,324674
2296,2297,2021-03-05,319788
2297,2298,2021-03-08,313354
2298,2299,2021-03-09,321122
2299,2300,2021-03-10,317885
2300,2301,2021-03-11,324394
2301,2302,2021-03-12,329822
2302,2303,2021-03-15,338079
2303,2304,2021-03-16,332664
2304,2305,2021-03-17,334001
2305,2306,2021-03-18,324688
2306,2307,2021-03-19,327052
2307,2308,2021-03-22,330306
2308,2309,2021-03-23,326781
2309,2310,2021-03-25,316854
2310,2311,2021-03-26,318066
2311,2312,2021-03-29,322949
2312,2313,2021-03-30,328264
2313,2314,2021-03-31,326056
2314,2315,2021-04-05,328452
2315,2316,2021-04-06,338889
2316,2317,2021-04-07,336566
2317,2318,2021-04-08,332178
2318,2319,2021-04-09,325944
2319,2320,2021-04-12,319436
2320,2321,2021-04-13,316258
2321,2322,2021-04-14,312845
2322,2323,2021-04-15,310601
2323,2324,2021-04-16,313623
2324,2325,2021-04-19,315050
2325,2326,2021-04-20,306500
2326,2327,2021-04-21,310813
2327,2328,2021-04-22,309997
2328,2329,2021-04-23,309334
2329,2330,2021-04-26,311910
2330,2331,2021-04-27,316334
2331,2332,2021-04-28,322676
2332,2333,2021-04-29,322128
2333,2334,2021-04-30,315190
2334,2335,2021-05-03,312804
2335,2336,2021-05-04,310640
2336,2337,2021-05-05,312972
2337,2338,2021-05-06,313543
2338,2339,2021-05-07,325440
2339,2340,2021-05-10,326562
2340,2341,2021-05-11,323523
2341,2342,2021-05-12,322179
2342,2343,2021-05-13,331669
2343,2344,2021-05-14,344622
2344,2345,2021-05-17,351340
2345,2346,2021-05-18,349593
2346,2347,2021-05-19,347397
2347,2348,2021-05-20,352811
2348,2349,2021-05-21,345195
2349,2350,2021-05-26,345474
2350,2351,2021-05-27,349477
2351,2352,2021-05-28,358649
2352,2353,2021-05-31,357645
2353,2354,2021-06-01,367318
2354,2355,2021-06-02,375094
2355,2356,2021-06-03,385857
2356,2357,2021-06-04,398255
2357,2358,2021-06-07,410772
2358,2359,2021-06-08,400835
2359,2360,2021-06-09,411784
2360,2361,2021-06-10,412923
2361,2362,2021-06-11,401153
2362,2363,2021-06-14,406575
2363,2364,2021-06-15,407950
2364,2365,2021-06-16,411845
2365,2366,2021-06-17,405049
2366,2367,2021-06-18,397122
2367,2368,2021-06-22,401888
2368,2369,2021-06-23,403061
2369,2370,2021-06-24,408278
2370,2371,2021-06-25,394988
2371,2372,2021-06-28,389123
2372,2373,2021-06-29,380059
2373,2374,2021-06-30,375916
2374,2375,2021-07-01,372934
2375,2376,2021-07-02,380590
2376,2377,2021-07-05,389250
2377,2378,2021-07-06,381030
2378,2379,2021-07-07,379450
2379,2380,2021-07-08,372900
2380,2381,2021-07-12,385150
2381,2382,2021-07-13,387240
2382,2383,2021-07-14,384740
2383,2384,2021-07-15,381980
2384,2385,2021-07-16,379700
2385,2386,2021-07-19,373940
2386,2387,2021-07-20,380780
2387,2388,2021-07-21,394890
2388,2389,2021-07-22,393410
2389,2390,2021-07-23,387880
2390,2391,2021-07-26,391210
2391,2392,2021-07-27,390860
2392,2393,2021-07-28,394740
2393,2394,2021-07-29,398270
2394,2395,2021-07-30,390910
2395,2396,2021-08-02,389410
2396,2397,2021-08-03,387170
2397,2398,2021-08-04,382310
2398,2399,2021-08-05,387970
2399,2400,2021-08-06,386100
2400,2401,2021-08-09,386600
2401,2402,2021-08-10,397730
2402,2403,2021-08-11,405980
2403,2404,2021-08-12,405910
2404,2405,2021-08-13,420690
2405,2406,2021-08-17,406520
2406,2407,2021-08-18,399350
2407,2408,2021-08-19,395410
2408,2409,2021-08-20,400670
2409,2410,2021-08-23,412120
2410,2411,2021-08-24,421260
2411,2412,2021-08-25,424530
2412,2413,2021-08-26,421230
2413,2414,2021-08-27,430940
2414,2415,2021-08-30,448680
2415,2416,2021-08-31,448660
2416,2417,2021-09-01,441090
2417,2418,2021-09-02,439990
2418,2419,2021-09-03,437790
2419,2420,2021-09-06,444590
2420,2421,2021-09-07,461100
2421,2422,2021-09-08,453450
2422,2423,2021-09-09,451560
2423,2424,2021-09-10,444400
2424,2425,2021-09-13,467760
2425,2426,2021-09-14,460390
2426,2427,2021-09-15,456430
2427,2428,2021-09-16,462380
2428,2429,2021-09-17,454930
2429,2430,2021-09-20,426100
2430,2431,2021-09-21,427750
2431,2432,2021-09-22,431760
2432,2433,2021-09-23,431000
2433,2434,2021-09-24,427530
2434,2435,2021-09-27,434940
2435,2436,2021-09-28,434430
2436,2437,2021-09-29,438300
2437,2438,2021-09-30,441780
2438,2439,2021-10-01,442140
2439,2440,2021-10-04,440840
2440,2441,2021-10-05,443160
2441,2442,2021-10-06,438950
2442,2443,2021-10-07,439270
2443,2444,2021-10-12,440590
2444,2445,2021-10-13,442600
2445,2446,2021-10-14,451410
2446,2447,2021-10-15,461220
2447,2448,2021-10-18,465190
2448,2449,2021-10-19,472420
2449,2450,2021-10-20,487160
2450,2451,2021-10-21,485080
2451,2452,2021-10-22,484570
2452,2453,2021-10-25,498480
2453,2454,2021-10-26,495750
2454,2455,2021-10-27,475960
2455,2456,2021-10-28,479750
2456,2457,2021-10-29,465990
2457,2458,2021-11-01,487730
2458,2459,2021-11-02,497560
2459,2460,2021-11-03,511160
2460,2461,2021-11-04,505140
2461,2462,2021-11-05,512220
2462,2463,2021-11-08,527840
2463,2464,2021-11-09,516990
2464,2465,2021-11-10,520270
2465,2466,2021-11-11,523340
2466,2467,2021-11-12,515880
2467,2468,2021-11-15,491960
2468,2469,2021-11-16,437610
2469,2470,2021-11-17,419300
2470,2471,2021-11-18,420700
2471,2472,2021-11-19,401250
2472,2473,2021-11-23,383830
2473,2474,2021-11-24,385170
2474,2475,2021-11-25,393650
2475,2476,2021-11-26,379550
2476,2477,2021-11-29,366790
2477,2478,2021-11-30,370370
2478,2479,2021-12-01,380220
2479,2480,2021-12-02,406790
2480,2481,2021-12-03,394030
2481,2482,2021-12-06,402680
2482,2483,2021-12-07,401020
2483,2484,2021-12-09,409220
2484,2485,2021-12-10,413280
2485,2486,2021-12-13,399410
2486,2487,2021-12-14,404160
2487,2488,2021-12-15,404880
2488,2489,2021-12-16,418450
2489,2490,2021-12-17,406340
2490,2491,2021-12-20,401000
2491,2492,2021-12-21,408320
2492,2493,2021-12-22,407940
2493,2494,2021-12-23,414390
2494,2495,2021-12-27,413610
2495,2496,2021-12-28,420140
2496,2497,2021-12-29,412910
2497,2498,2021-12-30,419370
2498,2499,2022-01-03,408260
2499,2500,2022-01-04,418940
2500,2501,2022-01-05,420600
2501,2502,2022-01-06,418640
2502,2503,2022-01-07,394060
2503,2504,2022-01-10,390420
2504,2505,2022-01-11,399980
2505,2506,2022-01-12,401580
2506,2507,2022-01-13,411010
2507,2508,2022-01-14,414880
2508,2509,2022-01-17,410660
2509,2510,2022-01-18,404730
2510,2511,2022-01-19,386010
2511,2512,2022-01-20,390740
2512,2513,2022-01-21,382150
2513,2514,2022-01-24,372770
2514,2515,2022-01-25,384150
2515,2516,2022-01-26,374400
2516,2517,2022-01-27,371890
2517,2518,2022-01-28,367790
2518,2519,2022-01-31,371640
2519,2520,2022-02-01,375770
2520,2521,2022-02-02,370200
2521,2522,2022-02-03,400030
2522,2523,2022-02-04,399260
2523,2524,2022-02-07,407760
2524,2525,2022-02-08,408340
2525,2526,2022-02-09,410550
2526,2527,2022-02-10,408490
2527,2528,2022-02-11,407870
2528,2529,2022-02-14,409470
2529,2530,2022-02-15,414100
2530,2531,2022-02-16,428490
2531,2532,2022-02-17,428630
2532,2533,2022-02-18,432640
2533,2534,2022-02-21,434190
2534,2535,2022-02-22,448550
2535,2536,2022-02-23,450070
2536,2537,2022-02-24,436170
2537,2538,2022-02-25,438820
2538,2539,2022-03-02,446270
2539,2540,2022-03-03,454560
2540,2541,2022-03-04,445040
2541,2542,2022-03-07,439670
2542,2543,2022-03-11,467290
2543,2544,2022-03-14,451820
2544,2545,2022-03-15,446410
2545,2546,2022-03-16,440000
2546,2547,2022-03-17,450020
2547,2548,2022-03-18,455610
2548,2549,2022-03-21,454980
2549,2550,2022-03-22,449460
2550,2551,2022-03-23,448070
2551,2552,2022-03-25,463920
2552,2553,2022-03-28,464920
2553,2554,2022-03-29,468600
2554,2555,2022-03-30,470720
2555,2556,2022-03-31,478030
2556,2557,2022-04-01,487500
2557,2558,2022-04-04,489360
2558,2559,2022-04-05,483230
2559,2560,2022-04-06,479870
2560,2561,2022-04-07,479340
2561,2562,2022-04-08,484540
2562,2563,2022-04-11,474580
2563,2564,2022-04-12,473510
2564,2565,2022-04-13,477830
2565,2566,2022-04-18,483410
2566,2567,2022-04-19,481570
2567,2568,2022-04-20,475490
2568,2569,2022-04-21,449100
2569,2570,2022-04-22,439280
2570,2571,2022-04-25,434980
2571,2572,2022-04-26,418360
2572,2573,2022-04-27,427260
2573,2574,2022-04-28,439790
2574,2575,2022-04-29,426420
2575,2576,2022-05-02,415110
2576,2577,2022-05-03,429460
2577,2578,2022-05-04,436340
2578,2579,2022-05-05,418340
2579,2580,2022-05-06,415580
2580,2581,2022-05-09,395380
2581,2582,2022-05-10,400210
2582,2583,2022-05-11,412560
2583,2584,2022-05-12,408880
2584,2585,2022-05-13,417650
2585,2586,2022-05-16,422110
2586,2587,2022-05-17,429430
2587,2588,2022-05-19,421110
2588,2589,2022-05-20,416480
2589,2590,2022-05-23,427520
2590,2591,2022-05-24,429430
2591,2592,2022-05-26,438700
2592,2593,2022-05-27,444630
2593,2594,2022-05-30,439520
2594,2595,2022-05-31,438400
2595,2596,2022-06-01,433570
2596,2597,2022-06-02,436820
2597,2598,2022-06-03,437780
2598,2599,2022-06-06,430040
2599,2600,2022-06-07,432690
2600,2601,2022-06-08,427690
2601,2602,2022-06-09,404540
2602,2603,2022-06-10,391640
2603,2604,2022-06-13,369890
2604,2605,2022-06-14,365520
2605,2606,2022-06-15,371200
2606,2607,2022-06-16,359400
2607,2608,2022-06-21,359230
2608,2609,2022-06-22,364010
2609,2610,2022-06-23,350460
2610,2611,2022-06-24,349490
2611,2612,2022-06-27,348210
2612,2613,2022-06-28,352780
2613,2614,2022-06-29,351080
2614,2615,2022-06-30,350010
2615,2616,2022-07-01,357030
2616,2617,2022-07-04,316980
2617,2618,2022-07-05,338090
2618,2619,2022-07-06,341790
2619,2620,2022-07-07,345150
2620,2621,2022-07-08,351790
2621,2622,2022-07-11,351040
2622,2623,2022-07-12,353600
2623,2624,2022-07-13,352480
2624,2625,2022-07-14,340820
2625,2626,2022-07-15,345690
2626,2627,2022-07-18,346940
2627,2628,2022-07-19,352820
2628,2629,2022-07-20,346390
2629,2630,2022-07-21,339630
2630,2631,2022-07-22,348730
2631,2632,2022-07-25,366600
2632,2633,2022-07-26,365810
2633,2634,2022-07-27,372310
2634,2635,2022-07-28,395780
2635,2636,2022-07-29,425030
2636,2637,2022-08-01,420490
2637,2638,2022-08-02,416290
2638,2639,2022-08-03,418670
2639,2640,2022-08-04,415870
2640,2641,2022-08-05,425200
2641,2642,2022-08-08,436820
2642,2643,2022-08-09,423840
2643,2644,2022-08-10,421460
2644,2645,2022-08-11,430820
2645,2646,2022-08-12,441210
2646,2647,2022-08-16,448780
2647,2648,2022-08-17,443330
2648,2649,2022-08-18,447290
2649,2650,2022-08-19,436190
2650,2651,2022-08-22,440330
2651,2652,2022-08-23,458190
2652,2653,2022-08-24,477870
2653,2654,2022-08-25,482420
2654,2655,2022-08-26,483570
2655,2656,2022-08-29,495880
2656,2657,2022-08-30,473560
2657,2658,2022-08-31,465260
2658,2659,2022-09-01,472060
2659,2660,2022-09-02,472190
2660,2661,2022-09-05,488740
2661,2662,2022-09-06,484520
2662,2663,2022-09-07,502110
2663,2664,2022-09-08,500230
2664,2665,2022-09-09,514960
2665,2666,2022-09-12,517020
2666,2667,2022-09-13,511490
2667,2668,2022-09-14,516270
2668,2669,2022-09-15,490120
2669,2670,2022-09-16,483950
2670,2671,2022-09-19,495370
2671,2672,2022-09-20,488390
2672,2673,2022-09-21,480480
2673,2674,2022-09-22,478860
2674,2675,2022-09-23,457780
2675,2676,2022-09-26,450200
2676,2677,2022-09-27,443390
2677,2678,2022-09-28,448680
2678,2679,2022-09-29,453530
2679,2680,2022-09-30,450270
2680,2681,2022-10-03,472550
2681,2682,2022-10-04,470240
2682,2683,2022-10-05,473800
2683,2684,2022-10-06,470970
2684,2685,2022-10-11,450600
2685,2686,2022-10-12,443710
2686,2687,2022-10-13,448380
2687,2688,2022-10-14,438470
2688,2689,2022-10-17,451020
2689,2690,2022-10-18,452250
2690,2691,2022-10-19,450400
2691,2692,2022-10-20,447810
2692,2693,2022-10-21,457510
2693,2694,2022-10-24,459710
2694,2695,2022-10-25,470730
2695,2696,2022-10-26,474060
2696,2697,2022-10-27,481690
2697,2698,2022-10-28,483470
2698,2699,2022-10-31,487920
2699,2700,2022-11-01,503840
2700,2701,2022-11-02,492150
2701,2702,2022-11-03,493400
2702,2703,2022-11-04,496680
2703,2704,2022-11-07,487710
2704,2705,2022-11-08,485010
2705,2706,2022-11-09,467190
2706,2707,2022-11-10,468740
2707,2708,2022-11-11,485080
2708,2709,2022-11-14,491120
2709,2710,2022-11-15,486210
2710,2711,2022-11-16,474740
2711,2712,2022-11-17,463750
2712,2713,2022-11-18,473310
2713,2714,2022-11-22,477920
2714,2715,2022-11-23,486810
2715,2716,2022-11-24,498860
2716,2717,2022-11-25,506830
2717,2718,2022-11-28,509400
2718,2719,2022-11-29,521150
2719,2720,2022-11-30,522150
2720,2721,2022-12-01,515580
2721,2722,2022-12-02,518930
2722,2723,2022-12-05,497680
2723,2724,2022-12-06,493800
2724,2725,2022-12-07,506310
2725,2726,2022-12-12,500830
2726,2727,2022-12-13,495990
2727,2728,2022-12-14,497430
2728,2729,2022-12-15,495190
2729,2730,2022-12-16,496850
2730,2731,2022-12-19,508270
2731,2732,2022-12-20,519740
2732,2733,2022-12-21,540180
2733,2734,2022-12-22,547140
2734,2735,2022-12-23,563650
2735,2736,2022-12-26,574820
2736,2737,2022-12-27,579400
2737,2738,2022-12-28,585180
2738,2739,2022-12-29,585490
2739,2740,2022-12-30,587230
2740,2741,2023-01-02,600370
2741,2742,2023-01-03,575890
2742,2743,2023-01-04,592260
2743,2744,2023-01-05,612710
2744,2745,2023-01-06,630810
2745,2746,2023-01-09,645940
2746,2747,2023-01-10,650090
2747,2748,2023-01-11,666630
2748,2749,2023-01-12,681530
2749,2750,2023-01-13,693340
2750,2751,2023-01-16,703060
2751,2752,2023-01-17,719930
2752,2753,2023-01-18,669010
2753,2754,2023-01-19,661710
2754,2755,2023-01-20,686130
2755,2756,2023-01-23,689340
2756,2757,2023-01-24,692830
2757,2758,2023-01-25,710600
2758,2759,2023-01-26,707920
2759,2760,2023-01-27,686560
2760,2761,2023-01-30,665390
2761,2762,2023-01-31,690080
2762,2763,2023-02-01,683960
2763,2764,2023-02-02,678390
2764,2765,2023-02-03,667800
2765,2766,2023-02-06,666120
2766,2767,2023-02-07,674030
2767,2768,2023-02-08,683160
2768,2769,2023-02-09,668030
2769,2770,2023-02-10,673160
2770,2771,2023-02-13,694650
2771,2772,2023-02-14,698890
2772,2773,2023-02-15,691880
2773,2774,2023-02-16,695220
2774,2775,2023-02-17,673280
2775,2776,2023-02-22,664170
2776,2777,2023-02-23,675710
2777,2778,2023-02-24,676600
2778,2779,2023-02-27,686340
2779,2780,2023-02-28,675360
2780,2781,2023-03-01,676590
2781,2782,2023-03-02,651550
2782,2783,2023-03-03,660380
2783,2784,2023-03-06,678920
2784,2785,2023-03-07,656130
2785,2786,2023-03-08,662110
2786,2787,2023-03-09,638390
2787,2788,2023-03-10,600540
2788,2789,2023-03-13,569480
2789,2790,2023-03-14,563130
2790,2791,2023-03-15,528430
2791,2792,2023-03-16,557610
2792,2793,2023-03-17,549450
2793,2794,2023-03-20,550780
2794,2795,2023-03-21,572520
2795,2796,2023-03-22,566290
2796,2797,2023-03-23,561970
2797,2798,2023-03-27,595390
2798,2799,2023-03-28,620500
2799,2800,2023-03-29,629230
2800,2801,2023-03-30,624740
2801,2802,2023-03-31,604410
2802,2803,2023-04-03,626140
2803,2804,2023-04-04,613660
2804,2805,2023-04-05,619360
2805,2806,2023-04-10,636820
2806,2807,2023-04-11,651590
2807,2808,2023-04-12,669960
2808,2809,2023-04-13,672230
2809,2810,2023-04-14,680990
2810,2811,2023-04-17,687700
2811,2812,2023-04-18,667520
2812,2813,2023-04-19,641000
2813,2814,2023-04-20,642440
