id,fecha,MERVAL
1340,2010-02-22,2347
1341,2010-02-23,2297
1342,2010-02-24,2292
1343,2010-02-25,2212
1344,2010-02-26,2221
1345,2010-03-01,2265
1346,2010-03-02,2286
1347,2010-03-03,2291
1348,2010-03-04,2284
1349,2010-03-05,2299
1350,2010-03-08,2308
1351,2010-03-09,2319
1352,2010-03-10,2332
1353,2010-03-11,2332
1354,2010-03-12,2360
1355,2010-03-15,2351
1356,2010-03-16,2379
1357,2010-03-17,2382
1358,2010-03-18,2373
1359,2010-03-19,2381
1360,2010-03-22,2414
1361,2010-03-23,2439
1362,2010-03-25,2410
1363,2010-03-26,2402
1364,2010-03-29,2418
1365,2010-03-30,2405
1366,2010-03-31,2374
1367,2010-04-05,2450
1368,2010-04-06,2487
1369,2010-04-07,2454
1370,2010-04-08,2471
1371,2010-04-09,2488
1372,2010-04-12,2486
1373,2010-04-13,2464
1374,2010-04-14,2459
1375,2010-04-15,2438
1376,2010-04-16,2399
1377,2010-04-19,2420
1378,2010-04-20,2427
1379,2010-04-21,2423
1380,2010-04-22,2430
1381,2010-04-23,2447
1382,2010-04-26,2437
1383,2010-04-27,2375
1384,2010-04-28,2378
1385,2010-04-29,2395
1386,2010-04-30,2396
1387,2010-05-03,2413
1388,2010-05-04,2324
1389,2010-05-05,2285
1390,2010-05-06,2162
1391,2010-05-07,2160
1392,2010-05-10,2315
1393,2010-05-11,2290
1394,2010-05-12,2301
1395,2010-05-13,2281
1396,2010-05-14,2213
1397,2010-05-17,2186
1398,2010-05-18,2183
1399,2010-05-19,2178
1400,2010-05-20,2090
1401,2010-05-21,2124
1402,2010-05-26,2061
1403,2010-05-27,2176
1404,2010-05-28,2169
1405,2010-05-31,2204
1406,2010-06-01,2175
1407,2010-06-02,2212
1408,2010-06-03,2239
1409,2010-06-04,2181
1410,2010-06-07,2169
1411,2010-06-08,2204
1412,2010-06-09,2218
1413,2010-06-10,2262
1414,2010-06-11,2281
1415,2010-06-14,2283
1416,2010-06-15,2326
1417,2010-06-16,2323
1418,2010-06-17,2315
1419,2010-06-18,2320
1420,2010-06-22,2328
1421,2010-06-23,2327
1422,2010-06-24,2301
1423,2010-06-25,2318
1424,2010-06-28,2292
1425,2010-06-29,2193
1426,2010-06-30,2185
1427,2010-07-01,2209
1428,2010-07-02,2217
1429,2010-07-05,2205
1430,2010-07-06,2211
1431,2010-07-07,2265
1432,2010-07-08,2290
1433,2010-07-12,2289
1434,2010-07-13,2305
1435,2010-07-14,2310
1436,2010-07-15,2307
1437,2010-07-16,2283
1438,2010-07-19,2303
1439,2010-07-20,2336
1440,2010-07-21,2327
1441,2010-07-22,2360
1442,2010-07-23,2375
1443,2010-07-26,2388
1444,2010-07-27,2387
1445,2010-07-28,2374
1446,2010-07-29,2405
1447,2010-07-30,2394
1448,2010-08-02,2455
1449,2010-08-03,2441
1450,2010-08-04,2456
1451,2010-08-05,2433
1452,2010-08-06,2425
1453,2010-08-09,2428
1454,2010-08-10,2402
1455,2010-08-11,2349
1456,2010-08-12,2366
1457,2010-08-13,2368
1458,2010-08-17,2436
1459,2010-08-18,2467
1460,2010-08-19,2429
1461,2010-08-20,2439
1462,2010-08-23,2369
1463,2010-08-24,2293
1464,2010-08-25,2331
1465,2010-08-26,2321
1466,2010-08-27,2349
1467,2010-08-30,2307
1468,2010-08-31,2337
1469,2010-09-01,2395
1470,2010-09-02,2416
1471,2010-09-03,2423
1472,2010-09-06,2438
1473,2010-09-07,2419
1474,2010-09-08,2420
1475,2010-09-09,2431
1476,2010-09-10,2437
1477,2010-09-13,2458
1478,2010-09-14,2443
1479,2010-09-15,2439
1480,2010-09-16,2447
1481,2010-09-17,2473
1482,2010-09-20,2533
1483,2010-09-21,2532
1484,2010-09-22,2532
1485,2010-09-23,2523
1486,2010-09-24,2578
1487,2010-09-27,2601
1488,2010-09-28,2651
1489,2010-09-29,2641
1490,2010-09-30,2643
1491,2010-10-01,2652
1492,2010-10-04,2625
1493,2010-10-05,2666
1494,2010-10-06,2662
1495,2010-10-07,2641
1496,2010-10-08,2699
1497,2010-10-12,2720
1498,2010-10-13,2730
1499,2010-10-14,2731
1500,2010-10-15,2735
1501,2010-10-18,2750
1502,2010-10-19,2728
1503,2010-10-20,2809
1504,2010-10-21,2820
1505,2010-10-22,2852
1506,2010-10-25,2917
1507,2010-10-26,2920
1508,2010-10-28,2955
1509,2010-10-29,3007
1510,2010-11-01,3077
1511,2010-11-02,3110
1512,2010-11-03,3206
1513,2010-11-04,3340
1514,2010-11-05,3352
1515,2010-11-08,3324
1516,2010-11-09,3306
1517,2010-11-10,3311
1518,2010-11-11,3341
1519,2010-11-12,3215
1520,2010-11-15,3271
1521,2010-11-16,3123
1522,2010-11-17,3164
1523,2010-11-18,3252
1524,2010-11-19,3261
1525,2010-11-23,3201
1526,2010-11-24,3283
1527,2010-11-25,3321
1528,2010-11-26,3303
1529,2010-11-29,3270
1530,2010-11-30,3261
1531,2010-12-01,3367
1532,2010-12-02,3434
1533,2010-12-03,3422
1534,2010-12-06,3456
1535,2010-12-07,3428
1536,2010-12-09,3369
1537,2010-12-10,3391
1538,2010-12-13,3419
1539,2010-12-14,3383
1540,2010-12-15,3290
1541,2010-12-16,3337
1542,2010-12-17,3403
1543,2010-12-20,3465
1544,2010-12-21,3443
1545,2010-12-22,3476
1546,2010-12-23,3476
1547,2010-12-27,3478
1548,2010-12-28,3495
1549,2010-12-29,3523
1550,2010-12-30,3524
1551,2011-01-03,3628
1552,2011-01-04,3614
1553,2011-01-05,3605
1554,2011-01-06,3603
1555,2011-01-07,3546
1556,2011-01-10,3541
1557,2011-01-11,3546
1558,2011-01-12,3601
1559,2011-01-13,3543
1560,2011-01-14,3539
1561,2011-01-17,3563
1562,2011-01-18,3614
1563,2011-01-19,3637
1564,2011-01-20,3665
1565,2011-01-21,3648
1566,2011-01-24,3632
1567,2011-01-25,3605
1568,2011-01-26,3642
1569,2011-01-27,3617
1570,2011-01-28,3583
1571,2011-01-31,3593
1572,2011-02-01,3635
1573,2011-02-02,3641
1574,2011-02-03,3639
1575,2011-02-04,3631
1576,2011-02-07,3560
1577,2011-02-08,3567
1578,2011-02-09,3506
1579,2011-02-10,3414
1580,2011-02-11,3460
1581,2011-02-14,3509
1582,2011-02-15,3490
1583,2011-02-16,3545
1584,2011-02-17,3538
1585,2011-02-18,3537
1586,2011-02-21,3515
1587,2011-02-22,3477
1588,2011-02-23,3429
1589,2011-02-24,3383
1590,2011-02-25,3435
1591,2011-02-28,3456
1592,2011-03-01,3427
1593,2011-03-02,3426
1594,2011-03-03,3475
1595,2011-03-04,3468
1596,2011-03-09,3458
1597,2011-03-10,3406
1598,2011-03-11,3404
1599,2011-03-14,3358
1600,2011-03-15,3263
1601,2011-03-16,3198
1602,2011-03-17,3261
1603,2011-03-18,3278
1604,2011-03-21,3333
1605,2011-03-22,3322
1606,2011-03-23,3349
1607,2011-03-28,3313
1608,2011-03-29,3324
1609,2011-03-30,3376
1610,2011-03-31,3388
1611,2011-04-01,3472
1612,2011-04-04,3513
1613,2011-04-05,3511
1614,2011-04-06,3504
1615,2011-04-07,3457
1616,2011-04-08,3480
1617,2011-04-11,3448
1618,2011-04-12,3402
1619,2011-04-13,3407
1620,2011-04-14,3382
1621,2011-04-15,3381
1622,2011-04-18,3301
1623,2011-04-19,3332
1624,2011-04-20,3414
1625,2011-04-25,3401
1626,2011-04-26,3374
1627,2011-04-27,3377
1628,2011-04-28,3376
1629,2011-04-29,3406
1630,2011-05-02,3396
1631,2011-05-03,3375
1632,2011-05-04,3352
1633,2011-05-05,3306
1634,2011-05-06,3316
1635,2011-05-09,3359
1636,2011-05-10,3422
1637,2011-05-11,3385
1638,2011-05-12,3390
1639,2011-05-13,3378
1640,2011-05-16,3372
1641,2011-05-17,3365
1642,2011-05-18,3389
1643,2011-05-19,3386
1644,2011-05-20,3384
1645,2011-05-23,3323
1646,2011-05-24,3282
1647,2011-05-26,3269
1648,2011-05-27,3266
1649,2011-05-30,3245
1650,2011-05-31,3251
1651,2011-06-01,3176
1652,2011-06-02,3150
1653,2011-06-03,3165
1654,2011-06-06,3122
1655,2011-06-07,3125
1656,2011-06-08,3123
1657,2011-06-09,3233
1658,2011-06-10,3228
1659,2011-06-13,3202
1660,2011-06-14,3266
1661,2011-06-15,3244
1662,2011-06-16,3235
1663,2011-06-17,3269
1664,2011-06-21,3330
1665,2011-06-22,3334
1666,2011-06-23,3314
1667,2011-06-24,3288
1668,2011-06-27,3315
1669,2011-06-28,3327
1670,2011-06-29,3354
1671,2011-06-30,3361
1672,2011-07-01,3396
1673,2011-07-04,3418
1674,2011-07-05,3430
1675,2011-07-06,3462
1676,2011-07-07,3487
1677,2011-07-08,3471
1678,2011-07-11,3396
1679,2011-07-12,3349
1680,2011-07-13,3356
1681,2011-07-14,3302
1682,2011-07-15,3327
1683,2011-07-18,3295
1684,2011-07-19,3325
1685,2011-07-20,3336
1686,2011-07-21,3367
1687,2011-07-22,3356
1688,2011-07-25,3331
1689,2011-07-26,3369
1690,2011-07-27,3271
1691,2011-07-28,3271
1692,2011-07-29,3322
1693,2011-08-01,3336
1694,2011-08-02,3316
1695,2011-08-03,3309
1696,2011-08-04,3110
1697,2011-08-05,3068
1698,2011-08-08,2738
1699,2011-08-09,2864
1700,2011-08-10,2810
1701,2011-08-11,2949
1702,2011-08-12,2967
1703,2011-08-15,2990
1704,2011-08-16,2984
1705,2011-08-17,2994
1706,2011-08-18,2870
1707,2011-08-19,2825
1708,2011-08-23,2896
1709,2011-08-24,2908
1710,2011-08-25,2866
1711,2011-08-26,2884
1712,2011-08-29,2943
1713,2011-08-30,2960
1714,2011-08-31,2965
1715,2011-09-01,2927
1716,2011-09-02,2872
1717,2011-09-05,2783
1718,2011-09-06,2817
1719,2011-09-07,2877
1720,2011-09-08,2832
1721,2011-09-09,2753
1722,2011-09-12,2688
1723,2011-09-13,2706
1724,2011-09-14,2750
1725,2011-09-15,2771
1726,2011-09-16,2750
1727,2011-09-19,2717
1728,2011-09-20,2717
1729,2011-09-21,2631
1730,2011-09-22,2481
1731,2011-09-23,2483
1732,2011-09-26,2505
1733,2011-09-27,2556
1734,2011-09-28,2515
1735,2011-09-29,2518
1736,2011-09-30,2464
1737,2011-10-03,2292
1738,2011-10-04,2287
1739,2011-10-05,2309
1740,2011-10-06,2361
1741,2011-10-07,2326
1742,2011-10-11,2430
1743,2011-10-12,2539
1744,2011-10-13,2597
1745,2011-10-14,2717
1746,2011-10-17,2677
1747,2011-10-18,2733
1748,2011-10-19,2735
1749,2011-10-20,2738
1750,2011-10-21,2798
1751,2011-10-24,2862
1752,2011-10-25,2851
1753,2011-10-26,2881
1754,2011-10-27,3006
1755,2011-10-28,3015
1756,2011-10-31,2906
1757,2011-11-01,2762
1758,2011-11-02,2689
1759,2011-11-03,2783
1760,2011-11-04,2761
1761,2011-11-07,2748
1762,2011-11-08,2793
1763,2011-11-09,2676
1764,2011-11-10,2694
1765,2011-11-11,2752
1766,2011-11-14,2677
1767,2011-11-15,2679
1768,2011-11-16,2626
1769,2011-11-17,2519
1770,2011-11-18,2528
1771,2011-11-21,2454
1772,2011-11-22,2483
1773,2011-11-23,2411
1774,2011-11-24,2426
1775,2011-11-25,2426
1776,2011-11-29,2452
1777,2011-11-30,2563
1778,2011-12-01,2609
1779,2011-12-02,2630
1780,2011-12-05,2640
1781,2011-12-06,2616
1782,2011-12-07,2558
1783,2011-12-12,2485
1784,2011-12-13,2475
1785,2011-12-14,2408
1786,2011-12-15,2401
1787,2011-12-16,2433
1788,2011-12-19,2400
1789,2011-12-20,2442
1790,2011-12-21,2441
1791,2011-12-22,2456
1792,2011-12-23,2467
1793,2011-12-27,2457
1794,2011-12-28,2426
1795,2011-12-29,2463
1796,2012-01-03,2568
1797,2012-01-04,2715
1798,2012-01-05,2715
1799,2012-01-06,2770
1800,2012-01-09,2781
1801,2012-01-10,2833
1802,2012-01-11,2826
1803,2012-01-12,2820
1804,2012-01-13,2754
1805,2012-01-16,2755
1806,2012-01-17,2785
1807,2012-01-18,2862
1808,2012-01-19,2882
1809,2012-01-20,2868
1810,2012-01-23,2886
1811,2012-01-24,2898
1812,2012-01-25,2915
1813,2012-01-26,2909
1814,2012-01-27,2832
1815,2012-01-30,2771
1816,2012-01-31,2787
1817,2012-02-01,2837
1818,2012-02-02,2818
1819,2012-02-03,2811
1820,2012-02-06,2807
1821,2012-02-07,2770
1822,2012-02-08,2720
1823,2012-02-09,2749
1824,2012-02-10,2722
1825,2012-02-13,2758
1826,2012-02-14,2725
1827,2012-02-15,2725
1828,2012-02-16,2768
1829,2012-02-17,2799
1830,2012-02-22,2839
1831,2012-02-23,2818
1832,2012-02-24,2763
1833,2012-02-28,2682
1834,2012-02-29,2648
1835,2012-03-01,2749
1836,2012-03-02,2757
1837,2012-03-05,2691
1838,2012-03-06,2652
1839,2012-03-07,2688
1840,2012-03-08,2684
1841,2012-03-09,2665
1842,2012-03-12,2642
1843,2012-03-13,2712
1844,2012-03-14,2710
1845,2012-03-15,2744
1846,2012-03-16,2765
1847,2012-03-19,2757
1848,2012-03-20,2693
1849,2012-03-21,2719
1850,2012-03-22,2674
1851,2012-03-23,2712
1852,2012-03-26,2692
1853,2012-03-27,2692
1854,2012-03-28,2684
1855,2012-03-29,2659
1856,2012-03-30,2684
1857,2012-04-03,2606
1858,2012-04-04,2557
1859,2012-04-09,2522
1860,2012-04-10,2497
1861,2012-04-11,2504
1862,2012-04-12,2563
1863,2012-04-13,2502
1864,2012-04-16,2460
1865,2012-04-17,2379
1866,2012-04-18,2358
1867,2012-04-19,2353
1868,2012-04-20,2338
1869,2012-04-23,2310
1870,2012-04-24,2311
1871,2012-04-25,2277
1872,2012-04-26,2271
1873,2012-04-27,2272
1874,2012-05-02,2242
1875,2012-05-03,2195
1876,2012-05-04,2215
1877,2012-05-07,2248
1878,2012-05-08,2384
1879,2012-05-09,2335
1880,2012-05-10,2307
1881,2012-05-11,2305
1882,2012-05-14,2234
1883,2012-05-15,2214
1884,2012-05-16,2160
1885,2012-05-17,2122
1886,2012-05-18,2135
1887,2012-05-21,2194
1888,2012-05-22,2239
1889,2012-05-23,2289
1890,2012-05-24,2340
1891,2012-05-28,2354
1892,2012-05-29,2314
1893,2012-05-30,2265
1894,2012-05-31,2257
1895,2012-06-01,2215
1896,2012-06-04,2210
1897,2012-06-05,2200
1898,2012-06-06,2222
1899,2012-06-07,2228
1900,2012-06-08,2198
1901,2012-06-11,2180
1902,2012-06-12,2178
1903,2012-06-13,2151
1904,2012-06-14,2191
1905,2012-06-15,2273
1906,2012-06-18,2270
1907,2012-06-19,2352
1908,2012-06-21,2311
1909,2012-06-22,2341
1910,2012-06-25,2288
1911,2012-06-26,2276
1912,2012-06-27,2280
1913,2012-06-28,2268
1914,2012-06-29,2347
1915,2012-07-02,2369
1916,2012-07-03,2414
1917,2012-07-04,2427
1918,2012-07-05,2381
1919,2012-07-06,2384
1920,2012-07-10,2317
1921,2012-07-11,2362
1922,2012-07-12,2351
1923,2012-07-13,2381
1924,2012-07-16,2385
1925,2012-07-17,2404
1926,2012-07-18,2497
1927,2012-07-19,2503
1928,2012-07-20,2459
1929,2012-07-23,2437
1930,2012-07-24,2388
1931,2012-07-25,2399
1932,2012-07-26,2433
1933,2012-07-27,2436
1934,2012-07-30,2420
1935,2012-07-31,2400
1936,2012-08-01,2400
1937,2012-08-02,2376
1938,2012-08-03,2397
1939,2012-08-06,2423
1940,2012-08-07,2452
1941,2012-08-08,2459
1942,2012-08-09,2381
1943,2012-08-10,2411
1944,2012-08-13,2430
1945,2012-08-14,2420
1946,2012-08-15,2440
1947,2012-08-16,2483
1948,2012-08-17,2460
1949,2012-08-21,2441
1950,2012-08-22,2436
1951,2012-08-23,2443
1952,2012-08-24,2459
1953,2012-08-27,2461
1954,2012-08-28,2447
1955,2012-08-29,2445
1956,2012-08-30,2424
1957,2012-08-31,2408
1958,2012-09-03,2403
1959,2012-09-04,2379
1960,2012-09-05,2382
1961,2012-09-06,2405
1962,2012-09-07,2382
1963,2012-09-10,2372
1964,2012-09-11,2407
1965,2012-09-12,2436
1966,2012-09-13,2509
1967,2012-09-14,2544
1968,2012-09-17,2479
1969,2012-09-18,2492
1970,2012-09-19,2494
1971,2012-09-20,2501
1972,2012-09-21,2532
1973,2012-09-25,2533
1974,2012-09-26,2461
1975,2012-09-27,2494
1976,2012-09-28,2452
1977,2012-10-01,2458
1978,2012-10-02,2465
1979,2012-10-03,2456
1980,2012-10-04,2469
1981,2012-10-05,2486
1982,2012-10-09,2435
1983,2012-10-10,2388
1984,2012-10-11,2418
1985,2012-10-12,2400
1986,2012-10-15,2405
1987,2012-10-16,2427
1988,2012-10-17,2472
1989,2012-10-18,2456
1990,2012-10-19,2428
1991,2012-10-22,2457
1992,2012-10-23,2369
1993,2012-10-24,2378
1994,2012-10-25,2376
1995,2012-10-26,2380
1996,2012-10-29,2333
1997,2012-10-30,2321
1998,2012-10-31,2323
1999,2012-11-01,2350
2000,2012-11-02,2395
2001,2012-11-05,2395
2002,2012-11-07,2370
2003,2012-11-08,2402
2004,2012-11-09,2390
2005,2012-11-12,2395
2006,2012-11-13,2354
2007,2012-11-14,2321
2008,2012-11-15,2322
2009,2012-11-16,2283
2010,2012-11-19,2295
2011,2012-11-20,2296
2012,2012-11-21,2320
2013,2012-11-22,2242
2014,2012-11-23,2340
2015,2012-11-27,2329
2016,2012-11-28,2328
2017,2012-11-29,2408
2018,2012-11-30,2419
2019,2012-12-03,2420
2020,2012-12-04,2459
2021,2012-12-05,2470
2022,2012-12-06,2450
2023,2012-12-07,2480
2024,2012-12-10,2520
2025,2012-12-11,2559
2026,2012-12-12,2611
2027,2012-12-13,2610
2028,2012-12-14,2697
2029,2012-12-17,2759
2030,2012-12-18,2871
2031,2012-12-19,2844
2032,2012-12-20,2860
2033,2012-12-21,2786
2034,2012-12-26,2828
2035,2012-12-27,2839
2036,2012-12-28,2854
2037,2013-01-02,2953
2038,2013-01-03,2975
2039,2013-01-04,2996
2040,2013-01-07,2993
2041,2013-01-08,3018
2042,2013-01-09,3072
2043,2013-01-10,3114
2044,2013-01-11,3108
2045,2013-01-14,3095
2046,2013-01-15,3082
2047,2013-01-16,3134
2048,2013-01-17,3169
2049,2013-01-18,3197
2050,2013-01-21,3250
2051,2013-01-22,3306
2052,2013-01-23,3301
2053,2013-01-24,3316
2054,2013-01-25,3340
2055,2013-01-28,3342
2056,2013-01-29,3470
2057,2013-01-30,3462
2058,2013-01-31,3462
2059,2013-02-01,3531
2060,2013-02-04,3429
2061,2013-02-05,3358
2062,2013-02-06,3290
2063,2013-02-07,3303
2064,2013-02-08,3280
2065,2013-02-13,3308
2066,2013-02-14,3304
2067,2013-02-15,3295
2068,2013-02-18,3264
2069,2013-02-19,3269
2070,2013-02-20,3269
2071,2013-02-21,3124
2072,2013-02-22,3140
2073,2013-02-25,3125
2074,2013-02-26,3120
2075,2013-02-27,3159
2076,2013-02-28,3049
2077,2013-03-01,3100
2078,2013-03-04,3140
2079,2013-03-05,3193
2080,2013-03-06,3234
2081,2013-03-07,3328
2082,2013-03-08,3325
2083,2013-03-11,3360
2084,2013-03-12,3386
2085,2013-03-13,3461
2086,2013-03-14,3499
2087,2013-03-15,3489
2088,2013-03-18,3447
2089,2013-03-19,3419
2090,2013-03-20,3485
2091,2013-03-21,3490
2092,2013-03-22,3430
2093,2013-03-25,3405
2094,2013-03-26,3417
2095,2013-03-27,3381
2096,2013-04-03,3306
2097,2013-04-04,3297
2098,2013-04-05,3313
2099,2013-04-08,3379
2100,2013-04-09,3475
2101,2013-04-10,3463
2102,2013-04-11,3488
2103,2013-04-12,3463
2104,2013-04-15,3403
2105,2013-04-16,3473
2106,2013-04-17,3425
2107,2013-04-18,3414
2108,2013-04-19,3444
2109,2013-04-22,3530
2110,2013-04-23,3569
2111,2013-04-24,3603
2112,2013-04-25,3686
2113,2013-04-26,3734
2114,2013-04-29,3815
2115,2013-04-30,3846
2116,2013-05-02,3843
2117,2013-05-03,3888
2118,2013-05-06,3948
2119,2013-05-07,4066
2120,2013-05-08,4038
2121,2013-05-09,3863
2122,2013-05-10,3713
2123,2013-05-13,3582
2124,2013-05-14,3510
2125,2013-05-15,3721
2126,2013-05-16,3707
2127,2013-05-17,3695
2128,2013-05-20,3675
2129,2013-05-21,3638
2130,2013-05-22,3548
2131,2013-05-23,3558
2132,2013-05-24,3510
2133,2013-05-27,3531
2134,2013-05-28,3422
2135,2013-05-29,3474
2136,2013-05-30,3515
2137,2013-05-31,3489
2138,2013-06-03,3486
2139,2013-06-04,3442
2140,2013-06-05,3423
2141,2013-06-06,3451
2142,2013-06-07,3450
2143,2013-06-10,3414
2144,2013-06-11,3343
2145,2013-06-12,3237
2146,2013-06-13,3244
2147,2013-06-14,3200
2148,2013-06-17,3100
2149,2013-06-18,3048
2150,2013-06-19,3071
2151,2013-06-24,3021
2152,2013-06-25,3013
2153,2013-06-26,2967
2154,2013-06-27,2941
2155,2013-06-28,2976
2156,2013-07-01,3020
2157,2013-07-02,2994
2158,2013-07-03,3023
2159,2013-07-04,3096
2160,2013-07-05,3064
2161,2013-07-08,3128
2162,2013-07-10,3127
2163,2013-07-11,3232
2164,2013-07-12,3226
2165,2013-07-15,3349
2166,2013-07-16,3394
2167,2013-07-17,3476
2168,2013-07-18,3377
2169,2013-07-19,3410
2170,2013-07-22,3450
2171,2013-07-23,3462
2172,2013-07-24,3463
2173,2013-07-25,3426
2174,2013-07-26,3423
2175,2013-07-29,3384
2176,2013-07-30,3337
2177,2013-07-31,3358
2178,2013-08-01,3432
2179,2013-08-02,3459
2180,2013-08-05,3453
2181,2013-08-06,3469
2182,2013-08-07,3546
2183,2013-08-08,3582
2184,2013-08-09,3615
2185,2013-08-12,3669
2186,2013-08-13,3764
2187,2013-08-14,3883
2188,2013-08-15,3865
2189,2013-08-16,3815
2190,2013-08-20,3851
2191,2013-08-21,3852
2192,2013-08-22,3943
2193,2013-08-23,3903
2194,2013-08-26,3897
2195,2013-08-27,3848
2196,2013-08-28,3925
2197,2013-08-29,3922
2198,2013-08-30,3936
2199,2013-09-02,3975
2200,2013-09-03,4056
2201,2013-09-04,4095
2202,2013-09-05,4176
2203,2013-09-06,4182
2204,2013-09-09,4368
2205,2013-09-10,4502
2206,2013-09-11,4517
2207,2013-09-12,4395
2208,2013-09-13,4495
2209,2013-09-16,4647
2210,2013-09-17,4632
2211,2013-09-18,4732
2212,2013-09-19,4769
2213,2013-09-20,4755
2214,2013-09-23,4893
2215,2013-09-24,4816
2216,2013-09-25,4798
2217,2013-09-26,4839
2218,2013-09-27,4730
2219,2013-09-30,4784
2220,2013-10-01,4907
2221,2013-10-02,4870
2222,2013-10-03,4867
2223,2013-10-04,4855
2224,2013-10-07,4924
2225,2013-10-08,4926
2226,2013-10-09,4946
2227,2013-10-10,5165
2228,2013-10-11,5242
2229,2013-10-15,5285
2230,2013-10-16,5257
2231,2013-10-17,5386
2232,2013-10-18,5466
2233,2013-10-21,5662
2234,2013-10-22,5616
2235,2013-10-23,5363
2236,2013-10-24,5642
2237,2013-10-25,5526
2238,2013-10-28,5471
2239,2013-10-29,5218
2240,2013-10-30,5227
2241,2013-10-31,5165
2242,2013-11-01,5095
2243,2013-11-04,5223
2244,2013-11-05,5505
2245,2013-11-07,5304
2246,2013-11-08,5294
2247,2013-11-11,5401
2248,2013-11-12,5272
2249,2013-11-13,5244
2250,2013-11-14,5468
2251,2013-11-15,5572
2252,2013-11-18,5552
2253,2013-11-19,5188
2254,2013-11-20,5362
2255,2013-11-21,5395
2256,2013-11-22,5530
2257,2013-11-26,5696
2258,2013-11-27,5601
2259,2013-11-28,5734
2260,2013-11-29,5719
2261,2013-12-02,5531
2262,2013-12-03,5291
2263,2013-12-04,5311
2264,2013-12-05,5324
2265,2013-12-06,5331
2266,2013-12-09,5334
2267,2013-12-10,5224
2268,2013-12-11,5186
2269,2013-12-12,5223
2270,2013-12-13,5258
2271,2013-12-16,5381
2272,2013-12-17,5423
2273,2013-12-18,5411
2274,2013-12-19,5357
2275,2013-12-20,5265
2276,2013-12-23,5351
2277,2013-12-26,5280
2278,2013-12-27,5400
2279,2013-12-30,5391
2280,2014-01-02,5321
2281,2014-01-03,5382
2282,2014-01-06,5283
2283,2014-01-07,5354
2284,2014-01-08,5389
2285,2014-01-09,5375
2286,2014-01-10,5491
2287,2014-01-13,5571
2288,2014-01-14,5560
2289,2014-01-15,5687
2290,2014-01-16,5833
2291,2014-01-17,5859
2292,2014-01-20,5919
2293,2014-01-21,5840
2294,2014-01-22,5897
2295,2014-01-23,5772
2296,2014-01-24,5545
2297,2014-01-27,5605
2298,2014-01-28,5661
2299,2014-01-29,5659
2300,2014-01-30,5858
2301,2014-01-31,6019
2302,2014-02-03,6087
2303,2014-02-04,6138
2304,2014-02-05,5924
2305,2014-02-06,5882
2306,2014-02-07,5585
2307,2014-02-10,5407
2308,2014-02-11,5636
2309,2014-02-12,5884
2310,2014-02-13,5937
2311,2014-02-14,6071
2312,2014-02-17,6152
2313,2014-02-18,6093
2314,2014-02-19,5957
2315,2014-02-20,5976
2316,2014-02-21,5915
2317,2014-02-24,5982
2318,2014-02-25,5852
2319,2014-02-26,5827
2320,2014-02-27,5772
2321,2014-02-28,5784
2322,2014-03-05,5750
2323,2014-03-06,5909
2324,2014-03-07,5881
2325,2014-03-10,5790
2326,2014-03-11,5754
2327,2014-03-12,5713
2328,2014-03-13,5658
2329,2014-03-14,5747
2330,2014-03-17,5763
2331,2014-03-18,5883
2332,2014-03-19,5867
2333,2014-03-20,5965
2334,2014-03-21,6087
2335,2014-03-25,6194
2336,2014-03-26,6135
2337,2014-03-27,6192
2338,2014-03-28,6199
2339,2014-03-31,6374
2340,2014-04-01,6441
2341,2014-04-02,6441
2342,2014-04-03,6498
2343,2014-04-04,6387
2344,2014-04-07,6444
2345,2014-04-08,6487
2346,2014-04-09,6476
2347,2014-04-10,6498
2348,2014-04-11,6469
2349,2014-04-14,6398
2350,2014-04-15,6316
2351,2014-04-16,6450
2352,2014-04-21,6453
2353,2014-04-22,6610
2354,2014-04-23,6704
2355,2014-04-24,6728
2356,2014-04-25,6557
2357,2014-04-28,6791
2358,2014-04-29,6828
2359,2014-04-30,6782
2360,2014-05-05,6888
2361,2014-05-06,6813
2362,2014-05-07,6922
2363,2014-05-08,6815
2364,2014-05-09,6847
2365,2014-05-12,6843
2366,2014-05-13,6867
2367,2014-05-14,6900
2368,2014-05-15,6784
2369,2014-05-16,6879
2370,2014-05-19,7156
2371,2014-05-20,7218
2372,2014-05-21,7261
2373,2014-05-22,7375
2374,2014-05-23,7447
2375,2014-05-26,7533
2376,2014-05-27,7572
2377,2014-05-28,7665
2378,2014-05-29,7816
2379,2014-05-30,7712
2380,2014-06-02,7678
2381,2014-06-03,7709
2382,2014-06-04,7695
2383,2014-06-05,7835
2384,2014-06-06,7914
2385,2014-06-09,8292
2386,2014-06-10,8158
2387,2014-06-11,8078
2388,2014-06-12,8067
2389,2014-06-13,8047
2390,2014-06-16,7235
2391,2014-06-17,7507
2392,2014-06-18,7728
2393,2014-06-19,7348
2394,2014-06-23,7985
2395,2014-06-24,7913
2396,2014-06-25,7983
2397,2014-06-26,7821
2398,2014-06-27,7905
2399,2014-06-30,7887
2400,2014-07-01,8060
2401,2014-07-02,8155
2402,2014-07-03,8146
2403,2014-07-04,8142
2404,2014-07-07,8152
2405,2014-07-08,8321
2406,2014-07-10,8700
2407,2014-07-11,8822
2408,2014-07-14,8840
2409,2014-07-15,8625
2410,2014-07-16,8548
2411,2014-07-17,8342
2412,2014-07-18,8662
2413,2014-07-21,8424
2414,2014-07-22,8332
2415,2014-07-23,8138
2416,2014-07-24,8233
2417,2014-07-25,7923
2418,2014-07-28,7845
2419,2014-07-29,8357
2420,2014-07-30,8938
2421,2014-07-31,8188
2422,2014-08-01,8327
2423,2014-08-04,8321
2424,2014-08-05,8063
2425,2014-08-06,8132
2426,2014-08-07,8242
2427,2014-08-08,8228
2428,2014-08-11,8213
2429,2014-08-12,8456
2430,2014-08-13,8525
2431,2014-08-14,8374
2432,2014-08-15,8670
2433,2014-08-19,8844
2434,2014-08-20,8930
2435,2014-08-21,9013
2436,2014-08-22,9171
2437,2014-08-25,9382
2438,2014-08-26,9522
2439,2014-08-27,9812
2440,2014-08-28,9835
2441,2014-08-29,9817
2442,2014-09-01,9946
2443,2014-09-02,10116
2444,2014-09-03,10438
2445,2014-09-04,10063
2446,2014-09-05,10415
2447,2014-09-08,10653
2448,2014-09-09,10688
2449,2014-09-10,10767
2450,2014-09-11,10967
2451,2014-09-12,11054
2452,2014-09-15,10962
2453,2014-09-16,11449
2454,2014-09-17,11511
2455,2014-09-18,11536
2456,2014-09-19,11581
2457,2014-09-22,12119
2458,2014-09-23,12058
2459,2014-09-24,12257
2460,2014-09-25,12155
2461,2014-09-26,12536
2462,2014-09-29,12593
2463,2014-09-30,12549
2464,2014-10-01,11516
2465,2014-10-02,10703
2466,2014-10-03,11419
2467,2014-10-06,10926
2468,2014-10-07,10915
2469,2014-10-08,10774
2470,2014-10-09,10204
2471,2014-10-10,10040
2472,2014-10-14,9894
2473,2014-10-15,9653
2474,2014-10-16,9979
2475,2014-10-17,10543
2476,2014-10-20,11093
2477,2014-10-21,10872
2478,2014-10-22,10548
2479,2014-10-23,10268
2480,2014-10-24,10556
2481,2014-10-27,10296
2482,2014-10-28,10447
2483,2014-10-29,10226
2484,2014-10-30,10539
2485,2014-10-31,11019
2486,2014-11-03,11374
2487,2014-11-04,11024
2488,2014-11-05,10886
2489,2014-11-07,10589
2490,2014-11-10,10393
2491,2014-11-11,10272
2492,2014-11-12,10072
2493,2014-11-13,9920
2494,2014-11-14,9750
2495,2014-11-17,9677
2496,2014-11-18,9795
2497,2014-11-19,9584
2498,2014-11-20,9672
2499,2014-11-21,9977
2500,2014-11-25,9937
2501,2014-11-26,10125
2502,2014-11-27,10123
2503,2014-11-28,9809
2504,2014-12-01,9367
2505,2014-12-02,9378
2506,2014-12-03,9666
2507,2014-12-04,9559
2508,2014-12-05,9581
2509,2014-12-09,8888
2510,2014-12-10,8279
2511,2014-12-11,8651
2512,2014-12-12,8267
2513,2014-12-15,7582
2514,2014-12-16,7670
2515,2014-12-17,7976
2516,2014-12-18,7889
2517,2014-12-19,8022
2518,2014-12-22,8154
2519,2014-12-23,8374
2520,2014-12-29,8443
2521,2014-12-30,8579
2522,2015-01-02,8666
2523,2015-01-05,8124
2524,2015-01-06,8058
2525,2015-01-07,8246
2526,2015-01-08,8395
2527,2015-01-09,8460
2528,2015-01-12,8202
2529,2015-01-13,8227
2530,2015-01-14,8425
2531,2015-01-15,8473
2532,2015-01-16,8659
2533,2015-01-19,8624
2534,2015-01-20,8583
2535,2015-01-21,8674
2536,2015-01-22,8775
2537,2015-01-23,8738
2538,2015-01-26,8809
2539,2015-01-27,9015
2540,2015-01-28,8773
2541,2015-01-29,8485
2542,2015-01-30,8490
2543,2015-02-02,8628
2544,2015-02-03,9022
2545,2015-02-04,8958
2546,2015-02-05,9102
2547,2015-02-06,9009
2548,2015-02-09,9120
2549,2015-02-10,9017
2550,2015-02-11,9118
2551,2015-02-12,9323
2552,2015-02-13,9562
2553,2015-02-18,9513
2554,2015-02-19,9389
2555,2015-02-20,9437
2556,2015-02-23,9510
2557,2015-02-24,9644
2558,2015-02-25,9564
2559,2015-02-26,9335
2560,2015-02-27,9602
2561,2015-03-02,9575
2562,2015-03-03,9682
2563,2015-03-04,9668
2564,2015-03-05,9939
2565,2015-03-06,9929
2566,2015-03-09,10052
2567,2015-03-10,9833
2568,2015-03-11,10132
2569,2015-03-12,10098
2570,2015-03-13,10245
2571,2015-03-16,10747
2572,2015-03-17,10987
2573,2015-03-18,11275
2574,2015-03-19,11149
2575,2015-03-20,11385
2576,2015-03-25,11166
2577,2015-03-26,10530
2578,2015-03-27,10663
2579,2015-03-30,10956
2580,2015-03-31,10837
2581,2015-04-01,11072
2582,2015-04-06,11439
2583,2015-04-07,11410
2584,2015-04-08,11275
2585,2015-04-09,11510
2586,2015-04-10,11687
2587,2015-04-13,11678
2588,2015-04-14,11914
2589,2015-04-15,12129
2590,2015-04-16,12066
2591,2015-04-17,11920
2592,2015-04-20,11660
2593,2015-04-21,11296
2594,2015-04-22,11688
2595,2015-04-23,12205
2596,2015-04-24,12409
2597,2015-04-27,12053
2598,2015-04-28,12138
2599,2015-04-29,12185
2600,2015-04-30,12050
2601,2015-05-04,12347
2602,2015-05-05,12422
2603,2015-05-06,12135
2604,2015-05-07,12125
2605,2015-05-08,12205
2606,2015-05-11,12106
2607,2015-05-12,12238
2608,2015-05-13,12192
2609,2015-05-14,12345
2610,2015-05-15,12376
2611,2015-05-18,12097
2612,2015-05-19,11663
2613,2015-05-20,11728
2614,2015-05-21,11701
2615,2015-05-22,11460
2616,2015-05-26,10838
2617,2015-05-27,10925
2618,2015-05-28,10972
2619,2015-05-29,10801
2620,2015-06-01,10758
2621,2015-06-02,11485
2622,2015-06-03,11200
2623,2015-06-04,11246
2624,2015-06-05,11216
2625,2015-06-08,11201
2626,2015-06-09,11382
2627,2015-06-10,11365
2628,2015-06-11,11364
2629,2015-06-12,11364
2630,2015-06-15,11222
2631,2015-06-16,11344
2632,2015-06-17,11151
2633,2015-06-18,11264
2634,2015-06-19,11222
2635,2015-06-22,11583
2636,2015-06-23,11528
2637,2015-06-24,11553
2638,2015-06-25,11453
2639,2015-06-26,11684
2640,2015-06-29,11306
2641,2015-06-30,11657
2642,2015-07-01,11671
2643,2015-07-02,11809
2644,2015-07-03,11766
2645,2015-07-06,11789
2646,2015-07-07,11843
2647,2015-07-08,11511
2648,2015-07-10,11690
2649,2015-07-13,11949
2650,2015-07-14,12263
2651,2015-07-15,12302
2652,2015-07-16,12438
2653,2015-07-17,12378
2654,2015-07-20,11982
2655,2015-07-21,12147
2656,2015-07-22,11682
2657,2015-07-23,11625
2658,2015-07-24,10904
2659,2015-07-27,10588
2660,2015-07-28,10940
2661,2015-07-29,11314
2662,2015-07-30,11225
2663,2015-07-31,11101
2664,2015-08-03,10899
2665,2015-08-04,10809
2666,2015-08-05,10912
2667,2015-08-06,11259
2668,2015-08-07,11167
2669,2015-08-10,11830
2670,2015-08-11,11598
2671,2015-08-12,11636
2672,2015-08-13,11675
2673,2015-08-14,11453
2674,2015-08-18,11226
2675,2015-08-19,10954
2676,2015-08-20,10863
2677,2015-08-21,10495
2678,2015-08-24,9833
2679,2015-08-25,9778
2680,2015-08-26,10290
2681,2015-08-27,10923
2682,2015-08-28,10962
2683,2015-08-31,11033
2684,2015-09-01,10737
2685,2015-09-02,10800
2686,2015-09-03,10990
2687,2015-09-04,10929
2688,2015-09-07,10928
2689,2015-09-08,11177
2690,2015-09-09,11159
2691,2015-09-10,11069
2692,2015-09-11,10888
2693,2015-09-14,10701
2694,2015-09-15,10661
2695,2015-09-16,10702
2696,2015-09-17,10800
2697,2015-09-18,10555
2698,2015-09-21,10277
2699,2015-09-22,9654
2700,2015-09-23,9521
2701,2015-09-24,9288
2702,2015-09-25,9799
2703,2015-09-28,9411
2704,2015-09-29,9660
2705,2015-09-30,9815
2706,2015-10-01,9601
2707,2015-10-02,10190
2708,2015-10-05,10525
2709,2015-10-06,10695
2710,2015-10-07,10919
2711,2015-10-08,11278
2712,2015-10-09,11166
2713,2015-10-13,10762
2714,2015-10-14,10873
2715,2015-10-15,11109
2716,2015-10-16,11177
2717,2015-10-19,11068
2718,2015-10-20,11069
2719,2015-10-21,10824
2720,2015-10-22,11132
2721,2015-10-23,11329
2722,2015-10-26,11828
2723,2015-10-27,11694
2724,2015-10-28,12333
2725,2015-10-29,12206
2726,2015-10-30,12461
2727,2015-11-02,12511
2728,2015-11-03,12813
2729,2015-11-04,12799
2730,2015-11-05,12899
2731,2015-11-09,12871
2732,2015-11-10,13054
2733,2015-11-11,13160
2734,2015-11-12,13182
2735,2015-11-13,13183
2736,2015-11-16,13749
2737,2015-11-17,13746
2738,2015-11-18,13774
2739,2015-11-19,13777
2740,2015-11-20,14174
2741,2015-11-23,13449
2742,2015-11-24,13394
2743,2015-11-25,12850
2744,2015-11-26,13165
2745,2015-11-30,12972
2746,2015-12-01,12826
2747,2015-12-02,12706
2748,2015-12-03,12920
2749,2015-12-04,13071
2750,2015-12-09,13303
2751,2015-12-10,13107
2752,2015-12-11,12779
2753,2015-12-14,12337
2754,2015-12-15,12307
2755,2015-12-16,12036
2756,2015-12-17,11938
2757,2015-12-18,11405
2758,2015-12-21,11113
2759,2015-12-22,11439
2760,2015-12-23,12041
2761,2015-12-28,11714
2762,2015-12-29,11698
2763,2015-12-30,11675
2764,2016-01-04,11518
2765,2016-01-05,11527
2766,2016-01-06,11423
2767,2016-01-07,11390
2768,2016-01-08,11306
2769,2016-01-11,10956
2770,2016-01-12,10657
2771,2016-01-13,10306
2772,2016-01-14,10666
2773,2016-01-15,10020
2774,2016-01-18,9757
2775,2016-01-19,9801
2776,2016-01-20,9401
2777,2016-01-21,9820
2778,2016-01-22,10330
2779,2016-01-25,10396
2780,2016-01-26,10493
2781,2016-01-27,10787
2782,2016-01-28,10883
2783,2016-01-29,11306
2784,2016-02-01,11252
2785,2016-02-02,11075
2786,2016-02-03,11121
2787,2016-02-04,11422
2788,2016-02-05,11400
2789,2016-02-10,11347
2790,2016-02-11,11011
2791,2016-02-12,11276
2792,2016-02-15,11454
2793,2016-02-16,11554
2794,2016-02-17,12059
2795,2016-02-18,11991
2796,2016-02-19,11826
2797,2016-02-22,12525
2798,2016-02-23,12533
2799,2016-02-24,12627
2800,2016-02-25,12936
2801,2016-02-26,12929
2802,2016-02-29,13116
2803,2016-03-01,13223
2804,2016-03-02,13221
2805,2016-03-03,13328
2806,2016-03-04,13269
2807,2016-03-07,13236
2808,2016-03-08,13405
2809,2016-03-09,13269
2810,2016-03-10,13173
2811,2016-03-11,13052
2812,2016-03-14,12546
2813,2016-03-15,12076
2814,2016-03-16,12542
2815,2016-03-17,12973
2816,2016-03-18,12906
2817,2016-03-21,12938
2818,2016-03-22,12926
2819,2016-03-23,12499
2820,2016-03-28,12876
2821,2016-03-29,12930
2822,2016-03-30,12873
2823,2016-03-31,12992
2824,2016-04-01,13180
2825,2016-04-04,12784
2826,2016-04-05,12473
2827,2016-04-06,12262
2828,2016-04-07,11864
2829,2016-04-08,12222
2830,2016-04-11,12184
2831,2016-04-12,12694
2832,2016-04-13,13298
2833,2016-04-14,13210
2834,2016-04-15,13238
2835,2016-04-18,13211
2836,2016-04-19,13864
2837,2016-04-20,13875
2838,2016-04-21,13924
2839,2016-04-22,13915
2840,2016-04-25,13374
2841,2016-04-26,13622
2842,2016-04-27,13742
2843,2016-04-28,13739
2844,2016-04-29,13724
2845,2016-05-02,13549
2846,2016-05-03,13166
2847,2016-05-04,13220
2848,2016-05-05,13348
2849,2016-05-06,13454
2850,2016-05-09,13270
2851,2016-05-10,13457
2852,2016-05-11,13537
2853,2016-05-12,13371
2854,2016-05-13,13122
2855,2016-05-16,13203
2856,2016-05-17,13028
2857,2016-05-18,12830
2858,2016-05-19,12626
2859,2016-05-20,12656
2860,2016-05-23,12474
2861,2016-05-24,12382
2862,2016-05-26,12714
2863,2016-05-27,12727
2864,2016-05-30,12748
2865,2016-05-31,12682
2866,2016-06-01,12626
2867,2016-06-02,12718
2868,2016-06-03,12791
2869,2016-06-06,12852
2870,2016-06-07,13269
2871,2016-06-08,13625
2872,2016-06-09,13528
2873,2016-06-10,13324
2874,2016-06-13,13174
2875,2016-06-14,13038
2876,2016-06-15,13116
2877,2016-06-16,13073
2878,2016-06-21,13681
2879,2016-06-22,13742
2880,2016-06-23,14243
2881,2016-06-24,13925
2882,2016-06-27,13774
2883,2016-06-28,14142
2884,2016-06-29,14608
2885,2016-06-30,14683
2886,2016-07-01,15112
2887,2016-07-04,15229
2888,2016-07-05,14807
2889,2016-07-06,14691
2890,2016-07-07,14690
2891,2016-07-11,14977
2892,2016-07-12,15101
2893,2016-07-13,15145
2894,2016-07-14,15470
2895,2016-07-15,15643
2896,2016-07-18,15999
2897,2016-07-19,15833
2898,2016-07-20,15932
2899,2016-07-21,15779
2900,2016-07-22,15847
2901,2016-07-25,15713
2902,2016-07-26,15758
2903,2016-07-27,15699
2904,2016-07-28,15455
2905,2016-07-29,15804
2906,2016-08-01,15442
2907,2016-08-02,15062
2908,2016-08-03,15430
2909,2016-08-04,15560
2910,2016-08-05,15394
2911,2016-08-08,15373
2912,2016-08-09,15455
2913,2016-08-10,15346
2914,2016-08-11,15314
2915,2016-08-12,15166
2916,2016-08-16,15231
2917,2016-08-17,15402
2918,2016-08-18,15565
2919,2016-08-19,15598
2920,2016-08-22,15497
2921,2016-08-23,15832
2922,2016-08-24,15815
2923,2016-08-25,15901
2924,2016-08-26,15764
2925,2016-08-29,16033
2926,2016-08-30,15872
2927,2016-08-31,15649
2928,2016-09-01,15741
2929,2016-09-02,15966
2930,2016-09-05,16006
2931,2016-09-06,16276
2932,2016-09-07,16316
2933,2016-09-08,16458
2934,2016-09-09,15976
2935,2016-09-12,16058
2936,2016-09-13,15521
2937,2016-09-14,15546
2938,2016-09-15,15852
2939,2016-09-16,15828
2940,2016-09-19,15991
2941,2016-09-20,16013
2942,2016-09-21,16292
2943,2016-09-22,16643
2944,2016-09-23,16442
2945,2016-09-26,16356
2946,2016-09-27,16349
2947,2016-09-28,16755
2948,2016-09-29,16743
2949,2016-09-30,16676
2950,2016-10-03,16847
2951,2016-10-04,16874
2952,2016-10-05,17071
2953,2016-10-06,17143
2954,2016-10-07,17136
2955,2016-10-11,17159
2956,2016-10-12,17208
2957,2016-10-13,17235
2958,2016-10-14,17415
2959,2016-10-17,17664
2960,2016-10-18,17848
2961,2016-10-19,18125
2962,2016-10-20,18147
2963,2016-10-21,18257
2964,2016-10-24,18391
2965,2016-10-25,18409
2966,2016-10-26,18188
2967,2016-10-27,18066
2968,2016-10-28,17869
2969,2016-10-31,17610
2970,2016-11-01,17108
2971,2016-11-02,16807
2972,2016-11-03,16706
2973,2016-11-04,16755
2974,2016-11-07,17258
2975,2016-11-08,17138
2976,2016-11-09,17025
2977,2016-11-10,16231
2978,2016-11-11,15660
2979,2016-11-14,15694
2980,2016-11-15,16478
2981,2016-11-16,16521
2982,2016-11-17,16472
2983,2016-11-18,16385
2984,2016-11-21,16844
2985,2016-11-22,17307
2986,2016-11-23,17366
2987,2016-11-24,17385
2988,2016-11-25,17169
2989,2016-11-29,17042
2990,2016-11-30,17442
2991,2016-12-01,17042
2992,2016-12-02,16948
2993,2016-12-05,16999
2994,2016-12-06,17235
2995,2016-12-07,17197
2996,2016-12-12,17157
2997,2016-12-13,17197
2998,2016-12-14,16918
2999,2016-12-15,16739
3000,2016-12-16,16564
3001,2016-12-19,15996
3002,2016-12-20,16064
3003,2016-12-21,16587
3004,2016-12-22,16378
3005,2016-12-23,16355
3006,2016-12-26,16113
3007,2016-12-27,16387
3008,2016-12-28,16508
3009,2016-12-29,16918
3010,2017-01-02,17505
3011,2017-01-03,17911
3012,2017-01-04,18143
3013,2017-01-05,18223
3014,2017-01-06,18284
3015,2017-01-09,18510
3016,2017-01-10,18783
3017,2017-01-11,18468
3018,2017-01-12,18591
3019,2017-01-13,18885
3020,2017-01-16,18997
3021,2017-01-17,18876
3022,2017-01-18,18870
3023,2017-01-19,18633
3024,2017-01-20,19039
3025,2017-01-23,19471
3026,2017-01-24,19367
3027,2017-01-25,19407
3028,2017-01-26,19180
3029,2017-01-27,19216
3030,2017-01-30,18778
3031,2017-01-31,19063
3032,2017-02-01,19201
3033,2017-02-02,19375
3034,2017-02-03,19201
3035,2017-02-06,19249
3036,2017-02-07,19194
3037,2017-02-08,19148
3038,2017-02-09,19302
3039,2017-02-10,19503
3040,2017-02-13,19508
3041,2017-02-14,19606
3042,2017-02-15,19657
3043,2017-02-16,19563
3044,2017-02-17,19681
3045,2017-02-20,20038
3046,2017-02-21,20073
3047,2017-02-22,19915
3048,2017-02-23,19538
3049,2017-02-24,19117
3050,2017-03-01,19359
3051,2017-03-02,18967
3052,2017-03-03,19265
3053,2017-03-06,19197
3054,2017-03-07,19248
3055,2017-03-08,19233
3056,2017-03-09,18785
3057,2017-03-10,18896
3058,2017-03-13,19188
3059,2017-03-14,19062
3060,2017-03-15,19368
3061,2017-03-16,19601
3062,2017-03-17,19434
3063,2017-03-20,19794
3064,2017-03-21,19535
3065,2017-03-22,19667
3066,2017-03-23,19705
3067,2017-03-27,19802
3068,2017-03-28,20022
3069,2017-03-29,20203
3070,2017-03-30,20248
3071,2017-03-31,20265
3072,2017-04-03,20562
3073,2017-04-04,20835
3074,2017-04-05,20683
3075,2017-04-06,20813
3076,2017-04-07,20728
3077,2017-04-10,20926
3078,2017-04-11,20995
3079,2017-04-12,20812
3080,2017-04-17,20748
3081,2017-04-18,20670
3082,2017-04-19,20513
3083,2017-04-20,20669
3084,2017-04-21,20769
3085,2017-04-24,21170
3086,2017-04-25,21199
3087,2017-04-26,21028
3088,2017-04-27,20889
3089,2017-04-28,21020
3090,2017-05-02,21157
3091,2017-05-03,21212
3092,2017-05-04,20986
3093,2017-05-05,21170
3094,2017-05-08,21077
3095,2017-05-09,21140
3096,2017-05-10,21510
3097,2017-05-11,21427
3098,2017-05-12,21502
3099,2017-05-15,21657
3100,2017-05-16,21834
3101,2017-05-17,21674
3102,2017-05-18,21034
3103,2017-05-19,21615
3104,2017-05-22,21501
3105,2017-05-23,21521
3106,2017-05-24,21685
3107,2017-05-26,22142
3108,2017-05-29,22347
3109,2017-05-30,22311
3110,2017-05-31,22349
3111,2017-06-01,22519
3112,2017-06-02,22519
3113,2017-06-05,22444
3114,2017-06-06,22356
3115,2017-06-07,22219
3116,2017-06-08,21929
3117,2017-06-09,21614
3118,2017-06-12,21145
3119,2017-06-13,21395
3120,2017-06-14,21178
3121,2017-06-15,21009
3122,2017-06-16,21291
3123,2017-06-19,21657
3124,2017-06-21,20614
3125,2017-06-22,20997
3126,2017-06-23,21066
3127,2017-06-26,21297
3128,2017-06-27,21227
3129,2017-06-28,21394
3130,2017-06-29,21461
3131,2017-06-30,21913
3132,2017-07-03,22217
3133,2017-07-04,22386
3134,2017-07-05,22434
3135,2017-07-06,22223
3136,2017-07-07,22028
3137,2017-07-10,21957
3138,2017-07-11,22127
3139,2017-07-12,22263
3140,2017-07-13,21976
3141,2017-07-14,21880
3142,2017-07-17,21297
3143,2017-07-18,21046
3144,2017-07-19,21450
3145,2017-07-20,21465
3146,2017-07-21,21499
3147,2017-07-24,21310
3148,2017-07-25,21243
3149,2017-07-26,21203
3150,2017-07-27,21294
3151,2017-07-28,21689
3152,2017-07-31,21582
3153,2017-08-01,21522
3154,2017-08-02,21799
3155,2017-08-03,21780
3156,2017-08-04,21704
3157,2017-08-07,21478
3158,2017-08-08,21256
3159,2017-08-09,20925
3160,2017-08-10,21133
3161,2017-08-11,21633
3162,2017-08-14,22540
3163,2017-08-15,22702
3164,2017-08-16,22888
3165,2017-08-17,22724
3166,2017-08-18,22967
3167,2017-08-22,22900
3168,2017-08-23,23262
3169,2017-08-24,23393
3170,2017-08-25,23501
3171,2017-08-28,23482
3172,2017-08-29,23444
3173,2017-08-30,23492
3174,2017-08-31,23589
3175,2017-09-01,23658
3176,2017-09-04,23708
3177,2017-09-05,24026
3178,2017-09-06,24165
3179,2017-09-07,24250
3180,2017-09-08,24018
3181,2017-09-11,24066
3182,2017-09-12,23529
3183,2017-09-13,23837
3184,2017-09-14,23702
3185,2017-09-15,23716
3186,2017-09-18,23914
3187,2017-09-19,24215
3188,2017-09-20,24335
3189,2017-09-21,24579
3190,2017-09-22,24994
3191,2017-09-25,25047
3192,2017-09-26,25166
3193,2017-09-27,25271
3194,2017-09-28,25597
3195,2017-09-29,26078
3196,2017-10-02,26351
3197,2017-10-03,26673
3198,2017-10-04,26477
3199,2017-10-05,27016
3200,2017-10-06,26798
3201,2017-10-09,26766
3202,2017-10-10,27097
3203,2017-10-11,26890
3204,2017-10-12,27060
3205,2017-10-13,27141
3206,2017-10-16,27141
3207,2017-10-17,26622
3208,2017-10-18,26213
3209,2017-10-19,26805
3210,2017-10-20,26979
3211,2017-10-23,27783
3212,2017-10-24,28010
3213,2017-10-25,27878
3214,2017-10-26,27829
3215,2017-10-27,27479
3216,2017-10-30,27406
3217,2017-10-31,27935
3218,2017-11-01,27980
3219,2017-11-02,27944
3220,2017-11-03,27978
3221,2017-11-07,28120
3222,2017-11-08,28082
3223,2017-11-09,27952
3224,2017-11-10,27081
3225,2017-11-13,26715
3226,2017-11-14,25611
3227,2017-11-15,26313
3228,2017-11-16,27267
3229,2017-11-17,27129
3230,2017-11-21,27266
3231,2017-11-22,27328
3232,2017-11-23,27293
3233,2017-11-24,27465
3234,2017-11-27,27122
3235,2017-11-28,26912
3236,2017-11-29,26903
3237,2017-11-30,26905
3238,2017-12-01,26942
3239,2017-12-04,26834
3240,2017-12-05,26483
3241,2017-12-06,26470
3242,2017-12-07,26842
3243,2017-12-11,27307
3244,2017-12-12,27342
3245,2017-12-13,27035
3246,2017-12-14,27139
3247,2017-12-15,27022
3248,2017-12-18,27137
3249,2017-12-19,27707
3250,2017-12-20,28069
3251,2017-12-21,28481
3252,2017-12-22,28932
3253,2017-12-26,29186
3254,2017-12-27,29193
3255,2017-12-28,29975
3256,2017-12-29,30066
3257,2018-01-02,31084
3258,2018-01-03,31476
3259,2018-01-04,31952
3260,2018-01-05,32190
3261,2018-01-08,32351
3262,2018-01-09,32139
3263,2018-01-10,31632
3264,2018-01-11,32078
3265,2018-01-12,32720
3266,2018-01-15,33623
3267,2018-01-16,33522
3268,2018-01-17,33598
3269,2018-01-18,34049
3270,2018-01-19,33592
3271,2018-01-22,33525
3272,2018-01-23,33893
3273,2018-01-24,34949
3274,2018-01-25,35142
3275,2018-01-26,35126
3276,2018-01-29,34787
3277,2018-01-30,34241
3278,2018-01-31,34939
3279,2018-02-01,34641
3280,2018-02-02,32615
3281,2018-02-05,31146
3282,2018-02-06,31624
3283,2018-02-07,31627
3284,2018-02-08,31022
3285,2018-02-09,30143
3286,2018-02-14,31551
3287,2018-02-15,32024
3288,2018-02-16,32677
3289,2018-02-19,33281
3290,2018-02-20,32826
3291,2018-02-21,33042
3292,2018-02-22,33125
3293,2018-02-23,32742
3294,2018-02-26,32918
3295,2018-02-27,32516
3296,2018-02-28,33011
3297,2018-03-01,32013
3298,2018-03-02,31901
3299,2018-03-05,32134
3300,2018-03-06,32865
3301,2018-03-07,32744
3302,2018-03-08,32823
3303,2018-03-09,33183
3304,2018-03-12,33244
3305,2018-03-13,32980
3306,2018-03-14,32824
3307,2018-03-15,32707
3308,2018-03-16,32555
3309,2018-03-19,31724
3310,2018-03-20,31798
3311,2018-03-21,32370
3312,2018-03-22,31908
3313,2018-03-23,31461
3314,2018-03-26,31637
3315,2018-03-27,31236
3316,2018-03-28,31115
3317,2018-04-03,31341
3318,2018-04-04,31318
3319,2018-04-05,31867
3320,2018-04-06,31739
3321,2018-04-09,31844
3322,2018-04-10,32222
3323,2018-04-11,32031
3324,2018-04-12,32039
3325,2018-04-13,31593
3326,2018-04-16,31008
3327,2018-04-17,31403
3328,2018-04-18,31532
3329,2018-04-19,31281
3330,2018-04-20,31162
3331,2018-04-23,30941
3332,2018-04-24,30569
3333,2018-04-25,29947
3334,2018-04-26,29488
3335,2018-04-27,30006
3336,2018-05-02,29614
3337,2018-05-03,29503
3338,2018-05-04,28553
3339,2018-05-07,27513
3340,2018-05-08,26277
3341,2018-05-09,27908
3342,2018-05-10,29601
3343,2018-05-11,29852
3344,2018-05-14,30442
3345,2018-05-15,30677
3346,2018-05-16,31661
3347,2018-05-17,31806
3348,2018-05-18,31870
3349,2018-05-21,31632
3350,2018-05-22,30991
3351,2018-05-23,30234
3352,2018-05-24,29665
3353,2018-05-28,28654
3354,2018-05-29,28326
3355,2018-05-30,28389
3356,2018-05-31,28559
3357,2018-06-01,28437
3358,2018-06-04,29036
3359,2018-06-05,30359
3360,2018-06-06,30428
3361,2018-06-07,30178
3362,2018-06-08,31444
3363,2018-06-11,31704
3364,2018-06-12,30749
3365,2018-06-13,30228
3366,2018-06-14,30115
3367,2018-06-15,30148
3368,2018-06-18,27657
3369,2018-06-19,29119
3370,2018-06-21,30869
3371,2018-06-22,30211
3372,2018-06-25,28825
3373,2018-06-26,28473
3374,2018-06-27,25921
3375,2018-06-28,26789
3376,2018-06-29,26037
3377,2018-07-02,25298
3378,2018-07-03,27092
3379,2018-07-04,27703
3380,2018-07-05,27813
3381,2018-07-06,27611
3382,2018-07-10,27635
3383,2018-07-11,27232
3384,2018-07-12,26705
3385,2018-07-13,26514
3386,2018-07-16,26264
3387,2018-07-17,26765
3388,2018-07-18,27044
3389,2018-07-19,26814
3390,2018-07-20,27625
3391,2018-07-23,27704
3392,2018-07-24,28273
3393,2018-07-25,29363
3394,2018-07-26,29205
3395,2018-07-27,29259
3396,2018-07-30,29232
3397,2018-07-31,29287
3398,2018-08-01,29388
3399,2018-08-02,28883
3400,2018-08-03,29216
3401,2018-08-06,28894
3402,2018-08-07,27783
3403,2018-08-08,26675
3404,2018-08-09,26906
3405,2018-08-10,26856
3406,2018-08-13,26062
3407,2018-08-14,26537
3408,2018-08-15,27008
3409,2018-08-16,26939
3410,2018-08-17,26239
3411,2018-08-21,26046
3412,2018-08-22,26844
3413,2018-08-23,26523
3414,2018-08-24,25168
3415,2018-08-27,25435
3416,2018-08-28,25033
3417,2018-08-29,25398
3418,2018-08-30,26755
3419,2018-08-31,29294
3420,2018-09-03,28807
3421,2018-09-04,27625
3422,2018-09-05,28769
3423,2018-09-06,29948
3424,2018-09-07,29811
3425,2018-09-10,29455
3426,2018-09-11,29164
3427,2018-09-12,29745
3428,2018-09-13,30024
3429,2018-09-14,30177
3430,2018-09-17,31157
3431,2018-09-18,32106
3432,2018-09-19,33118
3433,2018-09-20,34514
3434,2018-09-21,34327
3435,2018-09-24,33164
3436,2018-09-25,34053
3437,2018-09-26,33943
3438,2018-09-27,33651
3439,2018-09-28,33462
3440,2018-10-01,32585
3441,2018-10-02,32730
3442,2018-10-03,32201
3443,2018-10-04,30929
3444,2018-10-05,30169
3445,2018-10-08,30547
3446,2018-10-09,29612
3447,2018-10-10,28550
3448,2018-10-11,27613
3449,2018-10-12,29598
3450,2018-10-16,29431
3451,2018-10-17,28721
3452,2018-10-18,28370
3453,2018-10-19,28673
3454,2018-10-22,28568
3455,2018-10-23,28360
3456,2018-10-24,28157
3457,2018-10-25,29335
3458,2018-10-26,29370
3459,2018-10-29,28898
3460,2018-10-30,29426
3461,2018-10-31,29491
3462,2018-11-01,31309
3463,2018-11-02,31419
3464,2018-11-05,31429
3465,2018-11-06,30974
3466,2018-11-07,31405
3467,2018-11-08,30736
3468,2018-11-09,29912
3469,2018-11-12,29423
3470,2018-11-13,28543
3471,2018-11-14,29373
3472,2018-11-15,30474
3473,2018-11-16,31109
3474,2018-11-20,29715
3475,2018-11-21,30263
3476,2018-11-22,30275
3477,2018-11-23,30723
3478,2018-11-26,31132
3479,2018-11-27,30921
3480,2018-11-28,31139
3481,2018-11-29,31483
3482,2018-12-03,31889
3483,2018-12-04,31958
3484,2018-12-05,31780
3485,2018-12-06,32020
3486,2018-12-07,31550
3487,2018-12-10,30754
3488,2018-12-11,30941
3489,2018-12-12,31081
3490,2018-12-13,31020
3491,2018-12-14,31109
3492,2018-12-17,29888
3493,2018-12-18,29777
3494,2018-12-19,29968
3495,2018-12-20,29243
3496,2018-12-21,28457
3497,2018-12-26,28473
3498,2018-12-27,29519
3499,2018-12-28,30293
3500,2019-01-02,31097
3501,2019-01-03,31065
3502,2019-01-04,32303
3503,2019-01-07,33011
3504,2019-01-08,32915
3505,2019-01-09,33769
3506,2019-01-10,34167
3507,2019-01-11,33885
3508,2019-01-14,33771
3509,2019-01-15,33563
3510,2019-01-16,34048
3511,2019-01-17,34263
3512,2019-01-18,35100
3513,2019-01-21,35303
3514,2019-01-22,34043
3515,2019-01-23,34819
3516,2019-01-24,34939
3517,2019-01-25,34811
3518,2019-01-28,34841
3519,2019-01-29,35511
3520,2019-01-30,36039
3521,2019-01-31,36327
3522,2019-02-01,36600
3523,2019-02-04,37145
3524,2019-02-05,37472
3525,2019-02-06,36732
3526,2019-02-07,35929
3527,2019-02-08,36664
3528,2019-02-11,37024
3529,2019-02-12,37686
3530,2019-02-13,37039
3531,2019-02-14,37386
3532,2019-02-15,37470
3533,2019-02-16,37470
3534,2019-02-17,37470
3535,2019-02-18,37355
3536,2019-02-19,36292
3537,2019-02-20,36504
3538,2019-02-21,35852
3539,2019-02-22,36647
3540,2019-02-25,36332
3541,2019-02-26,36027
3542,2019-02-27,35345
3543,2019-02-28,34486
3544,2019-03-01,33835
3545,2019-03-06,32340
3546,2019-03-07,33190
3547,2019-03-08,33020
3548,2019-03-11,33791
3549,2019-03-12,33641
3550,2019-03-13,34023
3551,2019-03-14,33530
3552,2019-03-15,33933
3553,2019-03-18,34939
3554,2019-03-19,34373
3555,2019-03-20,34744
3556,2019-03-21,34186
3557,2019-03-22,32828
3558,2019-03-25,33166
3559,2019-03-26,32628
3560,2019-03-27,32175
3561,2019-03-28,32892
3562,2019-03-29,33466
3563,2019-04-01,33007
3564,2019-04-03,31765
3565,2019-04-04,32142
3566,2019-04-05,32667
3567,2019-04-08,33081
3568,2019-04-09,31743
3569,2019-04-10,32155
3570,2019-04-11,31501
3571,2019-04-12,31357
3572,2019-04-15,31746
3573,2019-04-16,32290
3574,2019-04-17,32037
3575,2019-04-22,30787
3576,2019-04-23,30927
3577,2019-04-24,29747
3578,2019-04-25,29557
3579,2019-04-26,30001
3580,2019-04-29,28827
3581,2019-04-30,29571
3582,2019-05-02,30817
3583,2019-05-03,32412
3584,2019-05-06,32989
3585,2019-05-07,32741
3586,2019-05-08,33776
3587,2019-05-09,34119
3588,2019-05-10,33394
3589,2019-05-13,32300
3590,2019-05-14,32511
3591,2019-05-15,33218
3592,2019-05-16,33892
3593,2019-05-17,33316
3594,2019-05-20,33492
3595,2019-05-21,34481
3596,2019-05-22,34579
3597,2019-05-23,34379
3598,2019-05-24,35085
3599,2019-05-27,35448
3600,2019-05-28,34644
3601,2019-05-29,33967
3602,2019-05-30,34239
3603,2019-05-31,33950
3604,2019-06-03,33765
3605,2019-06-04,34701
3606,2019-06-05,35276
3607,2019-06-06,35734
3608,2019-06-07,35663
3609,2019-06-10,36453
3610,2019-06-11,38345
3611,2019-06-12,40931
3612,2019-06-13,40646
3613,2019-06-14,40488
3614,2019-06-17,40488
3615,2019-06-18,40687
3616,2019-06-19,39862
3617,2019-06-21,40295
3618,2019-06-24,40112
3619,2019-06-25,40292
3620,2019-06-26,39917
3621,2019-06-27,41128
3622,2019-06-28,41796
3623,2019-07-01,41507
3624,2019-07-02,41793
3625,2019-07-03,41304
3626,2019-07-04,41380
3627,2019-07-05,41756
3628,2019-07-08,41756
3629,2019-07-09,41756
3630,2019-07-10,42807
3631,2019-07-11,42856
3632,2019-07-12,42753
3633,2019-07-15,41257
3634,2019-07-16,41788
3635,2019-07-17,41451
3636,2019-07-18,40753
3637,2019-07-19,40162
3638,2019-07-22,38730
3639,2019-07-23,39204
3640,2019-07-24,39785
3641,2019-07-25,39884
3642,2019-07-26,41984
3643,2019-07-29,42785
3644,2019-07-30,42463
3645,2019-07-31,42058
3646,2019-08-01,41411
3647,2019-08-02,41359
3648,2019-08-05,40873
3649,2019-08-06,41317
3650,2019-08-07,40949
3651,2019-08-08,41093
3652,2019-08-09,44355
3653,2019-08-12,27531
3654,2019-08-13,30345
3655,2019-08-14,29921
3656,2019-08-15,31039
3657,2019-08-16,30407
3658,2019-08-19,30407
3659,2019-08-20,27231
3660,2019-08-21,27978
3661,2019-08-22,27983
3662,2019-08-23,26586
3663,2019-08-26,25848
3664,2019-08-27,24622
3665,2019-08-28,25458
3666,2019-08-29,23985
3667,2019-08-30,24609
3668,2019-09-02,26195
3669,2019-09-03,23079
3670,2019-09-04,24665
3671,2019-09-05,26932
3672,2019-09-06,27660
3673,2019-09-09,27176
3674,2019-09-10,28432
3675,2019-09-11,28618
3676,2019-09-12,29115
3677,2019-09-13,30136
3678,2019-09-16,30561
3679,2019-09-17,30151
3680,2019-09-18,30071
3681,2019-09-19,30414
3682,2019-09-20,30060
3683,2019-09-23,29152
3684,2019-09-24,27820
3685,2019-09-25,28212
3686,2019-09-26,28168
3687,2019-09-27,28878
3688,2019-09-30,29067
3689,2019-10-01,30066
3690,2019-10-02,30792
3691,2019-10-03,30366
3692,2019-10-04,31817
3693,2019-10-07,30941
3694,2019-10-08,30257
3695,2019-10-09,30338
3696,2019-10-10,31743
3697,2019-10-11,31798
3698,2019-10-14,31798
3699,2019-10-15,31334
3700,2019-10-16,30759
3701,2019-10-17,31995
3702,2019-10-18,31968
3703,2019-10-21,32551
3704,2019-10-22,33263
3705,2019-10-23,32775
3706,2019-10-24,33476
3707,2019-10-25,34522
3708,2019-10-28,33177
3709,2019-10-29,32544
3710,2019-10-30,33889
3711,2019-10-31,34995
3712,2019-11-01,35743
3713,2019-11-04,37279
3714,2019-11-05,36870
3715,2019-11-06,35500
3716,2019-11-07,35869
3717,2019-11-08,34131
3718,2019-11-11,33661
3719,2019-11-12,33430
3720,2019-11-13,32341
3721,2019-11-14,31020
3722,2019-11-15,31852
3723,2019-11-18,31852
3724,2019-11-19,32253
3725,2019-11-20,33421
3726,2019-11-21,33247
3727,2019-11-22,33589
3728,2019-11-25,33495
3729,2019-11-26,32113
3730,2019-11-27,33930
3731,2019-11-28,34220
3732,2019-11-29,34500
3733,2019-12-02,33447
3734,2019-12-03,32757
3735,2019-12-04,34692
3736,2019-12-05,35443
3737,2019-12-06,36562
3738,2019-12-09,36409
3739,2019-12-10,34657
3740,2019-12-11,35020
3741,2019-12-12,35505
3742,2019-12-13,36770
3743,2019-12-16,37620
3744,2019-12-17,36919
3745,2019-12-18,37620
3746,2019-12-19,38083
3747,2019-12-20,38632
3748,2019-12-23,39915
3749,2019-12-26,42279
3750,2019-12-27,41682
3751,2019-12-30,41671
3752,2020-01-02,41107
3753,2020-01-03,40499
3754,2020-01-06,41470
3755,2020-01-07,41116
3756,2020-01-08,41016
3757,2020-01-09,42036
3758,2020-01-10,42740
3759,2020-01-13,42018
3760,2020-01-14,41634
3761,2020-01-15,41246
3762,2020-01-16,42362
3763,2020-01-17,42340
3764,2020-01-20,43054
3765,2020-01-21,41486
3766,2020-01-22,42002
3767,2020-01-23,41140
3768,2020-01-24,39918
3769,2020-01-27,39605
3770,2020-01-28,40830
3771,2020-01-29,40341
3772,2020-01-30,40395
3773,2020-01-31,40105
3774,2020-02-03,41577
3775,2020-02-04,41034
3776,2020-02-05,40767
3777,2020-02-06,40906
3778,2020-02-07,41214
3779,2020-02-10,41053
3780,2020-02-11,39825
3781,2020-02-12,39936
3782,2020-02-13,38669
3783,2020-02-14,38648
3784,2020-02-17,39200
3785,2020-02-18,38157
3786,2020-02-19,38391
3787,2020-02-20,38961
3788,2020-02-21,38602
3789,2020-02-24,38602
3790,2020-02-25,38602
3791,2020-02-26,36422
3792,2020-02-27,35387
3793,2020-02-28,34973
3794,2020-03-02,36253
3795,2020-03-03,35999
3796,2020-03-04,37243
3797,2020-03-05,36772
3798,2020-03-06,35222
3799,2020-03-09,30380
3800,2020-03-10,32832
3801,2020-03-11,31420
3802,2020-03-12,28352
3803,2020-03-13,28448
3804,2020-03-16,25698
3805,2020-03-17,25823
3806,2020-03-18,22087
3807,2020-03-19,22656
3808,2020-03-20,23890
3809,2020-03-23,23890
3810,2020-03-24,23890
3811,2020-03-25,26338
3812,2020-03-26,25484
3813,2020-03-27,24059
3814,2020-03-30,24384
3815,2020-03-31,24384
3816,2020-04-01,25324
3817,2020-04-02,26003
3818,2020-04-03,26505
3819,2020-04-06,26923
3820,2020-04-07,26696
3821,2020-04-08,28018
3822,2020-04-09,28018
3823,2020-04-10,28018
3824,2020-04-13,28881
3825,2020-04-14,30782
3826,2020-04-15,32071
3827,2020-04-16,30078
3828,2020-04-17,29883
3829,2020-04-20,30536
3830,2020-04-21,30237
3831,2020-04-22,30555
3832,2020-04-23,30379
3833,2020-04-24,29258
3834,2020-04-27,29986
3835,2020-04-28,33065
3836,2020-04-29,33185
3837,2020-04-30,32743
3838,2020-05-01,32743
3839,2020-05-04,32387
3840,2020-05-05,33547
3841,2020-05-06,34159
3842,2020-05-07,35850
3843,2020-05-08,36184
3844,2020-05-11,38582
3845,2020-05-12,39134
3846,2020-05-13,37843
3847,2020-05-14,39226
3848,2020-05-15,39388
3849,2020-05-18,40287
3850,2020-05-19,39389
3851,2020-05-20,39809
3852,2020-05-21,41389
3853,2020-05-22,40963
3854,2020-05-25,40963
3855,2020-05-26,41060
3856,2020-05-27,40432
3857,2020-05-28,38986
3858,2020-05-29,37825
3859,2020-06-01,40017
3860,2020-06-02,42038
3861,2020-06-03,43853
3862,2020-06-04,43676
3863,2020-06-05,45129
3864,2020-06-08,48881
3865,2020-06-09,46471
3866,2020-06-10,46476
3867,2020-06-11,43058
3868,2020-06-12,43417
3869,2020-06-15,43417
3870,2020-06-16,42686
3871,2020-06-17,40471
3872,2020-06-18,37991
3873,2020-06-19,40951
3874,2020-06-22,40344
3875,2020-06-23,40804
3876,2020-06-24,40435
3877,2020-06-25,41997
3878,2020-06-26,40590
3879,2020-06-29,40308
3880,2020-06-30,38687
3881,2020-07-01,39847
3882,2020-07-02,39501
3883,2020-07-03,39758
3884,2020-07-06,43340
3885,2020-07-07,42498
3886,2020-07-08,42748
3887,2020-07-09,42748
3888,2020-07-10,42748
3889,2020-07-13,43237
3890,2020-07-14,44002
3891,2020-07-15,45121
3892,2020-07-16,45245
3893,2020-07-17,45475
3894,2020-07-20,45683
3895,2020-07-21,46781
3896,2020-07-22,48634
3897,2020-07-23,48408
3898,2020-07-24,48605
3899,2020-07-27,49450
3900,2020-07-28,48934
3901,2020-07-29,48884
3902,2020-07-30,49406
3903,2020-07-31,49254
3904,2020-08-03,52504
3905,2020-08-04,52186
3906,2020-08-05,50994
3907,2020-08-06,51084
3908,2020-08-07,52326
3909,2020-08-10,52181
3910,2020-08-11,50999
3911,2020-08-12,48971
3912,2020-08-13,49627
3913,2020-08-14,48548
3914,2020-08-17,48548
3915,2020-08-18,46491
3916,2020-08-19,47472
3917,2020-08-20,47737
3918,2020-08-21,47411
3919,2020-08-24,46737
3920,2020-08-25,46579
3921,2020-08-26,45832
3922,2020-08-27,44255
3923,2020-08-28,46397
3924,2020-08-31,46835
3925,2020-09-01,46546
3926,2020-09-02,44878
3927,2020-09-03,44800
3928,2020-09-04,45075
3929,2020-09-07,45691
3930,2020-09-08,45482
3931,2020-09-09,46520
3932,2020-09-10,46868
3933,2020-09-11,45840
3934,2020-09-14,44614
3935,2020-09-15,44628
3936,2020-09-16,42168
3937,2020-09-17,39800
3938,2020-09-18,41484
3939,2020-09-21,40745
3940,2020-09-22,40945
3941,2020-09-23,40974
3942,2020-09-24,41876
3943,2020-09-25,42042
3944,2020-09-28,42078
3945,2020-09-29,42197
3946,2020-09-30,41261
3947,2020-10-01,42916
3948,2020-10-02,43654
3949,2020-10-05,44273
3950,2020-10-06,44438
3951,2020-10-07,44740
3952,2020-10-08,45482
3953,2020-10-09,45856
3954,2020-10-12,45856
3955,2020-10-13,45995
3956,2020-10-14,47295
3957,2020-10-15,48239
3958,2020-10-16,49024
3959,2020-10-19,49162
3960,2020-10-20,49684
3961,2020-10-21,50089
3962,2020-10-22,51672
3963,2020-10-23,52513
3964,2020-10-26,49597
3965,2020-10-27,46708
3966,2020-10-28,43533
3967,2020-10-29,44914
3968,2020-10-30,45290
3969,2020-11-02,47468
3970,2020-11-03,47965
3971,2020-11-04,47028
3972,2020-11-05,48501
3973,2020-11-06,48493
3974,2020-11-09,49650
3975,2020-11-10,51819
3976,2020-11-11,51435
3977,2020-11-12,49553
3978,2020-11-13,49896
3979,2020-11-16,51085
3980,2020-11-17,51912
3981,2020-11-18,51296
3982,2020-11-19,50950
3983,2020-11-20,51492
3984,2020-11-24,54136
3985,2020-11-25,54151
3986,2020-11-26,54466
3987,2020-11-27,55427
3988,2020-11-30,54573
3989,2020-12-01,54913
3990,2020-12-02,55269
3991,2020-12-03,55152
3992,2020-12-04,54730
3993,2020-12-07,54730
3994,2020-12-08,54730
3995,2020-12-09,51957
3996,2020-12-10,53690
3997,2020-12-11,53822
3998,2020-12-14,53034
3999,2020-12-15,53280
4000,2020-12-16,53206
4001,2020-12-17,53116
4002,2020-12-18,52347
4003,2020-12-21,50160
4004,2020-12-22,50407
4005,2020-12-23,51619
4006,2020-12-28,50484
4007,2020-12-29,51320
4008,2020-12-30,51226
4009,2021-01-04,50731
4010,2021-01-05,51595
4011,2021-01-06,51880
4012,2021-01-07,52501
4013,2021-01-08,51674
4014,2021-01-11,50967
4015,2021-01-12,51202
4016,2021-01-13,50961
4017,2021-01-14,51085
4018,2021-01-15,50501
4019,2021-01-18,50220
4020,2021-01-19,50517
4021,2021-01-20,50225
4022,2021-01-21,48473
4023,2021-01-22,48471
4024,2021-01-25,47470
4025,2021-01-26,49464
4026,2021-01-27,49970
4027,2021-01-28,49630
4028,2021-01-29,48257
4029,2021-02-01,49577
4030,2021-02-02,49687
4031,2021-02-03,49858
4032,2021-02-04,50683
4033,2021-02-05,51053
4034,2021-02-08,52029
4035,2021-02-09,52267
4036,2021-02-10,51941
4037,2021-02-11,51655
4038,2021-02-12,51466
4039,2021-02-15,51466
4040,2021-02-16,51466
4041,2021-02-17,52387
4042,2021-02-18,51827
4043,2021-02-19,50993
4044,2021-02-22,49268
4045,2021-02-23,47857
4046,2021-02-24,49607
4047,2021-02-25,48921
4048,2021-02-26,48432
4049,2021-03-01,48996
4050,2021-03-02,48127
4051,2021-03-03,47325
4052,2021-03-04,47808
4053,2021-03-05,47242
4054,2021-03-08,46292
4055,2021-03-09,46476
4056,2021-03-10,47339
4057,2021-03-11,48361
4058,2021-03-12,49071
4059,2021-03-15,50458
4060,2021-03-16,49647
4061,2021-03-17,49916
4062,2021-03-18,48599
4063,2021-03-19,48976
4064,2021-03-22,49186
4065,2021-03-23,48615
4066,2021-03-24,48615
4067,2021-03-25,46856
4068,2021-03-26,46441
4069,2021-03-29,47241
4070,2021-03-30,48091
4071,2021-03-31,47982
4072,2021-04-05,48598
4073,2021-04-06,50328
4074,2021-04-07,50128
4075,2021-04-08,49631
4076,2021-04-09,48846
4077,2021-04-12,48110
4078,2021-04-13,47679
4079,2021-04-14,47299
4080,2021-04-15,47093
4081,2021-04-16,47664
4082,2021-04-19,48026
4083,2021-04-20,46894
4084,2021-04-21,47617
4085,2021-04-22,47123
4086,2021-04-23,47374
4087,2021-04-26,47931
4088,2021-04-27,48962
4089,2021-04-28,50044
4090,2021-04-29,50065
4091,2021-04-30,49056
4092,2021-05-03,48873
4093,2021-05-04,48656
4094,2021-05-05,49152
4095,2021-05-06,49389
4096,2021-05-07,51419
4097,2021-05-10,51750
4098,2021-05-11,51094
4099,2021-05-12,51020
4100,2021-05-13,52626
4101,2021-05-14,54850
4102,2021-05-17,56095
4103,2021-05-18,56079
4104,2021-05-19,55990
4105,2021-05-20,57109
4106,2021-05-21,56222
4107,2021-05-26,56599
4108,2021-05-27,57499
4109,2021-05-28,59213
4110,2021-05-31,59269
4111,2021-06-01,61096
4112,2021-06-02,62660
4113,2021-06-03,64303
4114,2021-06-04,66190
4115,2021-06-07,68151
4116,2021-06-08,66390
4117,2021-06-09,68105
4118,2021-06-10,68145
4119,2021-06-11,66094
4120,2021-06-14,66837
4121,2021-06-15,67006
4122,2021-06-16,67576
4123,2021-06-17,66440
4124,2021-06-18,65136
4125,2021-06-21,65136
4126,2021-06-22,65902
4127,2021-06-23,66090
4128,2021-06-24,66933
4129,2021-06-25,65133
4130,2021-06-28,64151
4131,2021-06-29,62972
4132,2021-06-30,62372
4133,2021-07-01,62060
4134,2021-07-02,63330
4135,2021-07-05,64849
4136,2021-07-06,63563
4137,2021-07-07,63383
4138,2021-07-08,62372
4139,2021-07-09,62372
4140,2021-07-12,64215
4141,2021-07-13,64375
4142,2021-07-14,63959
4143,2021-07-15,63485
4144,2021-07-16,63091
4145,2021-07-19,62133
4146,2021-07-20,63392
4147,2021-07-21,65832
4148,2021-07-22,65675
4149,2021-07-23,64841
4150,2021-07-26,65531
4151,2021-07-27,65688
4152,2021-07-28,66553
4153,2021-07-29,67316
4154,2021-07-30,66005
4155,2021-08-02,65940
4156,2021-08-03,65874
4157,2021-08-04,65088
4158,2021-08-05,66137
4159,2021-08-06,65861
4160,2021-08-09,66096
4161,2021-08-10,68023
4162,2021-08-11,69475
4163,2021-08-12,69493
4164,2021-08-13,69545
4165,2021-08-16,69545
4166,2021-08-17,67999
4167,2021-08-18,67094
4168,2021-08-19,66682
4169,2021-08-20,67822
4170,2021-08-23,69050
4171,2021-08-24,71354
4172,2021-08-25,72009
4173,2021-08-26,71551
4174,2021-08-27,73204
4175,2021-08-28,73204
4176,2021-08-29,73204
4177,2021-08-30,76329
4178,2021-08-31,76452
4179,2021-09-01,75233
4180,2021-09-02,75115
4181,2021-09-03,74735
4182,2021-09-06,76003
4183,2021-09-07,79005
4184,2021-09-08,77459
4185,2021-09-09,77127
4186,2021-09-10,75895
4187,2021-09-13,80066
4188,2021-09-14,78989
4189,2021-09-15,78489
4190,2021-09-16,79738
4191,2021-09-17,78512
4192,2021-09-20,73635
4193,2021-09-21,73919
4194,2021-09-22,74750
4195,2021-09-23,74743
4196,2021-09-24,74180
4197,2021-09-27,75688
4198,2021-09-28,75808
4199,2021-09-29,76589
4200,2021-09-30,77364
4201,2021-10-01,77626
4202,2021-10-04,77579
4203,2021-10-05,78192
4204,2021-10-06,77443
4205,2021-10-07,77553
4206,2021-10-08,77553
4207,2021-10-11,77553
4208,2021-10-12,77928
4209,2021-10-13,78428
4210,2021-10-14,80138
4211,2021-10-15,81990
4212,2021-10-18,82860
4213,2021-10-19,84308
4214,2021-10-20,87056
4215,2021-10-21,86795
4216,2021-10-22,86899
4217,2021-10-25,89392
4218,2021-10-26,88908
4219,2021-10-27,85353
4220,2021-10-28,86034
4221,2021-10-29,83561
4222,2021-11-01,87460
4223,2021-11-02,89273
4224,2021-11-03,92095
4225,2021-11-04,91258
4226,2021-11-05,92896
4227,2021-11-08,96045
4228,2021-11-09,94381
4229,2021-11-10,95131
4230,2021-11-11,95944
4231,2021-11-12,94963
4232,2021-11-15,92999
4233,2021-11-16,89674
4234,2021-11-17,87542
4235,2021-11-18,89512
4236,2021-11-19,85695
4237,2021-11-22,85695
4238,2021-11-23,83771
4239,2021-11-24,83481
4240,2021-11-25,84957
4241,2021-11-26,80369
4242,2021-11-29,79095
4243,2021-11-30,79316
4244,2021-12-01,85165
4245,2021-12-02,87451
4246,2021-12-03,86360
4247,2021-12-06,88287
4248,2021-12-07,89243
4249,2021-12-08,89243
4250,2021-12-09,86545
4251,2021-12-10,85441
4252,2021-12-13,81948
4253,2021-12-14,82179
4254,2021-12-15,80939
4255,2021-12-16,82995
4256,2021-12-17,83234
4257,2021-12-20,81908
4258,2021-12-21,84138
4259,2021-12-22,83652
4260,2021-12-23,84850
4261,2021-12-24,84850
4262,2021-12-27,84581
4263,2021-12-28,82784
4264,2021-12-29,84007
4265,2021-12-30,83500
4266,2021-12-31,83500
4267,2022-01-03,85579
4268,2022-01-04,85286
4269,2022-01-05,83836
4270,2022-01-06,83761
4271,2022-01-07,84402
4272,2022-01-10,83746
4273,2022-01-11,84702
4274,2022-01-12,85100
4275,2022-01-13,85371
4276,2022-01-14,85481
4277,2022-01-17,85039
4278,2022-01-18,83351
4279,2022-01-19,83528
4280,2022-01-20,85126
4281,2022-01-21,83622
4282,2022-01-24,81004
4283,2022-01-25,85180
4284,2022-01-26,85782
4285,2022-01-27,85969
4286,2022-01-28,88270
4287,2022-01-31,90908
4288,2022-02-01,91417
4289,2022-02-02,89663
4290,2022-02-03,88091
4291,2022-02-04,87934
4292,2022-02-07,89189
4293,2022-02-08,88149
4294,2022-02-09,87393
4295,2022-02-10,87559
4296,2022-02-11,88185
4297,2022-02-14,87804
4298,2022-02-15,88043
4299,2022-02-16,90578
4300,2022-02-17,89978
4301,2022-02-18,89443
4302,2022-02-21,90029
4303,2022-02-22,90441
4304,2022-02-23,91360
4305,2022-02-24,88721
4306,2022-02-25,87970
4307,2022-03-02,90249
4308,2022-03-03,91558
4309,2022-03-04,89515
4310,2022-03-07,87948
4311,2022-03-08,88061
4312,2022-03-09,87226
4313,2022-03-10,90283
4314,2022-03-11,88999
4315,2022-03-14,84956
4316,2022-03-15,84055
4317,2022-03-16,87451
4318,2022-03-17,89646
4319,2022-03-18,89058
4320,2022-03-21,90041
4321,2022-03-22,90170
4322,2022-03-23,90107
4323,2022-03-24,90107
4324,2022-03-25,93010
4325,2022-03-28,91663
4326,2022-03-29,89967
4327,2022-03-30,90868
4328,2022-03-31,90960
4329,2022-04-01,92391
4330,2022-04-04,93219
4331,2022-04-05,91814
4332,2022-04-06,90973
4333,2022-04-07,91558
4334,2022-04-08,92091
4335,2022-04-11,90630
4336,2022-04-12,90346
4337,2022-04-13,91041
4338,2022-04-14,91041
4339,2022-04-15,91041
4340,2022-04-18,91239
4341,2022-04-19,92038
4342,2022-04-20,92559
4343,2022-04-21,91496
4344,2022-04-22,91717
4345,2022-04-25,91155
4346,2022-04-26,89575
4347,2022-04-27,90033
4348,2022-04-28,90354
4349,2022-04-29,88251
4350,2022-05-02,87608
4351,2022-05-03,89585
4352,2022-05-04,89401
4353,2022-05-05,86434
4354,2022-05-06,86507
4355,2022-05-09,82244
4356,2022-05-10,83677
4357,2022-05-11,85763
4358,2022-05-12,85521
4359,2022-05-13,88796
4360,2022-05-16,89965
4361,2022-05-17,90803
4362,2022-05-18,90803
4363,2022-05-19,88634
4364,2022-05-20,88119
4365,2022-05-23,90344
4366,2022-05-24,91272
4367,2022-05-25,91272
4368,2022-05-26,93711
4369,2022-05-27,93683
4370,2022-05-30,93236
4371,2022-05-31,92288
4372,2022-06-01,91370
4373,2022-06-02,91452
4374,2022-06-03,91775
4375,2022-06-06,90352
4376,2022-06-07,90938
4377,2022-06-08,89947
4378,2022-06-09,88870
4379,2022-06-10,89141
4380,2022-06-13,87938
4381,2022-06-14,87400
4382,2022-06-15,88466
4383,2022-06-16,87061
4384,2022-06-17,87061
4385,2022-06-20,87061
4386,2022-06-21,86546
4387,2022-06-22,85662
4388,2022-06-23,83170
4389,2022-06-24,82606
4390,2022-06-27,85712
4391,2022-06-28,88195
4392,2022-06-29,88131
4393,2022-06-30,88450
4394,2022-07-01,90051
4395,2022-07-04,89129
4396,2022-07-05,92689
4397,2022-07-06,95076
4398,2022-07-07,102265
4399,2022-07-08,105850
4400,2022-07-11,104432
4401,2022-07-12,103210
4402,2022-07-13,102271
4403,2022-07-14,100518
4404,2022-07-15,104223
4405,2022-07-18,105441
4406,2022-07-19,107185
4407,2022-07-20,106949
4408,2022-07-21,112017
4409,2022-07-22,113851
4410,2022-07-25,119508
4411,2022-07-26,120038
4412,2022-07-27,126362
4413,2022-07-28,127400
4414,2022-07-29,122528
4415,2022-08-01,117587
4416,2022-08-02,118691
4417,2022-08-03,120390
4418,2022-08-04,120437
4419,2022-08-05,121004
4420,2022-08-08,123953
4421,2022-08-09,121921
4422,2022-08-10,122130
4423,2022-08-11,123334
4424,2022-08-12,125980
4425,2022-08-15,125980
4426,2022-08-16,124787
4427,2022-08-17,125963
4428,2022-08-18,131491
4429,2022-08-19,131009
4430,2022-08-22,132253
4431,2022-08-23,136998
4432,2022-08-24,140246
4433,2022-08-25,142778
4434,2022-08-26,141460
4435,2022-08-29,143805
4436,2022-08-30,141134
4437,2022-08-31,136241
4438,2022-09-01,136302
4439,2022-09-02,136340
4440,2022-09-05,138268
4441,2022-09-06,137309
4442,2022-09-07,141002
4443,2022-09-08,141509
4444,2022-09-09,144642
4445,2022-09-12,144714
4446,2022-09-13,142942
4447,2022-09-14,146750
4448,2022-09-15,144766
4449,2022-09-16,145742
4450,2022-09-19,150262
4451,2022-09-20,147930
4452,2022-09-21,146980
4453,2022-09-22,149481
4454,2022-09-23,142932
4455,2022-09-26,138148
4456,2022-09-27,135473
4457,2022-09-28,138023
4458,2022-09-29,138005
4459,2022-09-30,139115
4460,2022-10-03,145063
4461,2022-10-04,144927
4462,2022-10-05,146723
4463,2022-10-06,144645
4464,2022-10-07,144645
4465,2022-10-10,144645
4466,2022-10-11,136982
4467,2022-10-12,136396
4468,2022-10-13,140764
4469,2022-10-14,137291
4470,2022-10-17,138954
4471,2022-10-18,137542
4472,2022-10-19,136484
4473,2022-10-20,136139
4474,2022-10-21,138945
4475,2022-10-24,139733
4476,2022-10-25,143959
4477,2022-10-26,145029
4478,2022-10-27,148110
4479,2022-10-28,147845
4480,2022-10-31,149938
4481,2022-11-01,153002
4482,2022-11-02,149309
4483,2022-11-03,150451
4484,2022-11-04,151263
4485,2022-11-07,147830
4486,2022-11-08,147924
4487,2022-11-09,143092
4488,2022-11-10,144879
4489,2022-11-11,150413
4490,2022-11-14,152685
4491,2022-11-15,155159
4492,2022-11-16,154109
4493,2022-11-17,155259
4494,2022-11-18,157254
4495,2022-11-21,157254
4496,2022-11-22,158169
4497,2022-11-23,158564
4498,2022-11-24,160936
4499,2022-11-25,163717
4500,2022-11-28,164278
4501,2022-11-29,168195
4502,2022-11-30,168525
4503,2022-12-01,170604
4504,2022-12-02,169692
4505,2022-12-03,169692
4506,2022-12-04,169692
4507,2022-12-05,164467
4508,2022-12-06,168090
4509,2022-12-07,171178
4510,2022-12-08,171178
4511,2022-12-09,171178
4512,2022-12-10,171178
4513,2022-12-11,171178
4514,2022-12-12,166467
4515,2022-12-13,165500
4516,2022-12-14,164217
4517,2022-12-15,164733
4518,2022-12-16,165110
4519,2022-12-17,165110
4520,2022-12-18,165110
4521,2022-12-19,168966
4522,2022-12-20,172336
4523,2022-12-21,179852
4524,2022-12-22,182460
4525,2022-12-23,187784
4526,2022-12-24,187784
4527,2022-12-25,187784
4528,2022-12-26,192477
4529,2022-12-27,195543
4530,2022-12-28,202560
4531,2022-12-29,199361
4532,2022-12-30,202085
4533,2022-12-31,202085
4534,2023-01-01,202085
4535,2023-01-02,207054
4536,2023-01-03,198361
4537,2023-01-04,201061
4538,2023-01-05,209646
4539,2023-01-06,213794
4540,2023-01-07,213794
4541,2023-01-08,213794
4542,2023-01-09,215725
4543,2023-01-10,215811
4544,2023-01-11,224628
4545,2023-01-12,234154
4546,2023-01-13,242155
4547,2023-01-14,242155
4548,2023-01-15,242155
4549,2023-01-16,250556
4550,2023-01-17,260750
4551,2023-01-18,235372
4552,2023-01-19,235180
4553,2023-01-20,247680
4554,2023-01-21,247680
4555,2023-01-22,247680
4556,2023-01-23,250362
4557,2023-01-24,252108
4558,2023-01-25,260074
4559,2023-01-26,261499
4560,2023-01-27,254295
4561,2023-01-28,254295
4562,2023-01-29,254295
4563,2023-01-30,245875
4564,2023-01-31,253549
4565,2023-02-01,251062
4566,2023-02-02,248855
4567,2023-02-03,239370
4568,2023-02-04,239370
4569,2023-02-05,239370
4570,2023-02-06,243608
4571,2023-02-07,246804
4572,2023-02-08,250125
4573,2023-02-09,248239
4574,2023-02-10,249898
4575,2023-02-11,249898
4576,2023-02-12,249898
4577,2023-02-13,257626
4578,2023-02-14,258464
4579,2023-02-15,254970
4580,2023-02-16,257247
4581,2023-02-17,248979
4582,2023-02-18,248979
4583,2023-02-19,248979
4584,2023-02-20,248979
4585,2023-02-21,248979
4586,2023-02-22,244719
4587,2023-02-23,248006
4588,2023-02-24,248325
4589,2023-02-25,248325
4590,2023-02-26,248325
